[{
	"name": "USDKRW",
	"price": "1085.800049",
	"symbol": "KRWX",
	"ts": "1428290890",
	"utctime": "2015-04-06T03:28:10+0000",
	"volume": "0"
},
{
	"name": "SILVER 1 OZ 999 NY",
	"price": "0.059930",
	"symbol": "XAGX",
	"ts": "1428011531",
	"utctime": "2015-04-02T21:52:11+0000",
	"volume": "100"
},
{
	"name": "USDVND",
	"price": "21595.000000",
	"symbol": "VNDX",
	"ts": "1428290820",
	"utctime": "2015-04-06T03:27:00+0000",
	"volume": "0"
},
{
	"name": "USDBOB",
	"price": "6.910000",
	"symbol": "BOBX",
	"ts": "1428290820",
	"utctime": "2015-04-06T03:27:00+0000",
	"volume": "0"
},
{
	"name": "USDMOP",
	"price": "7.985000",
	"symbol": "MOPX",
	"ts": "1428290820",
	"utctime": "2015-04-06T03:27:00+0000",
	"volume": "0"
},
{
	"name": "USDBDT",
	"price": "76.585953",
	"symbol": "BDTX",
	"ts": "1428290820",
	"utctime": "2015-04-06T03:27:00+0000",
	"volume": "0"
},
{
	"name": "USDMDL",
	"price": "17.400000",
	"symbol": "MDLX",
	"ts": "1428290820",
	"utctime": "2015-04-06T03:27:00+0000",
	"volume": "0"
},
{
	"name": "USDVEF",
	"price": "6.350000",
	"symbol": "VEFX",
	"ts": "1428290820",
	"utctime": "2015-04-06T03:27:00+0000",
	"volume": "0"
},
{
	"name": "USDGEL",
	"price": "2.256400",
	"symbol": "GELX",
	"ts": "1428290820",
	"utctime": "2015-04-06T03:27:00+0000",
	"volume": "0"
},
{
	"name": "USDISK",
	"price": "134.095001",
	"symbol": "ISKX",
	"ts": "1428290820",
	"utctime": "2015-04-06T03:27:00+0000",
	"volume": "0"
},
{
	"name": "USDBYR",
	"price": "14600.000000",
	"symbol": "BYRX",
	"ts": "1428290820",
	"utctime": "2015-04-06T03:27:00+0000",
	"volume": "0"
},
{
	"name": "USDTHB",
	"price": "32.169498",
	"symbol": "THBX",
	"ts": "1428290880",
	"utctime": "2015-04-06T03:28:00+0000",
	"volume": "0"
},
{
	"name": "USDMXV ",
	"price": "2.810000",
	"symbol": "MXVX",
	"ts": "1428290820",
	"utctime": "2015-04-06T03:27:00+0000",
	"volume": "0"
},
{
	"name": "USDTND",
	"price": "1.944150",
	"symbol": "TNDX",
	"ts": "1428290820",
	"utctime": "2015-04-06T03:27:00+0000",
	"volume": "0"
},
{
	"name": "USDJMD",
	"price": "114.705002",
	"symbol": "JMDX",
	"ts": "1428290820",
	"utctime": "2015-04-06T03:27:00+0000",
	"volume": "0"
},
{
	"name": "USDDKK",
	"price": "6.806300",
	"symbol": "DKKX",
	"ts": "1428290900",
	"utctime": "2015-04-06T03:28:20+0000",
	"volume": "0"
},
{
	"name": "USDSRD",
	"price": "3.300000",
	"symbol": "SRDX",
	"ts": "1428290820",
	"utctime": "2015-04-06T03:27:00+0000",
	"volume": "0"
},
{
	"name": "USDBWP",
	"price": "9.741150",
	"symbol": "BWPX",
	"ts": "1428290820",
	"utctime": "2015-04-06T03:27:00+0000",
	"volume": "0"
},
{
	"name": "USDNOK",
	"price": "7.929400",
	"symbol": "NOKX",
	"ts": "1428290900",
	"utctime": "2015-04-06T03:28:20+0000",
	"volume": "0"
},
{
	"name": "USDMUR",
	"price": "36.400002",
	"symbol": "MURX",
	"ts": "1428290820",
	"utctime": "2015-04-06T03:27:00+0000",
	"volume": "0"
},
{
	"name": "USDAZN",
	"price": "1.046250",
	"symbol": "AZNX",
	"ts": "1428290820",
	"utctime": "2015-04-06T03:27:00+0000",
	"volume": "0"
},
{
	"name": "USDINR",
	"price": "62.064999",
	"symbol": "INRX",
	"ts": "1428290840",
	"utctime": "2015-04-06T03:27:20+0000",
	"volume": "0"
},
{
	"name": "USDMGA",
	"price": "3009.649902",
	"symbol": "MGAX",
	"ts": "1428290820",
	"utctime": "2015-04-06T03:27:00+0000",
	"volume": "0"
},
{
	"name": "USDCAD",
	"price": "1.247655",
	"symbol": "CADX",
	"ts": "1428290900",
	"utctime": "2015-04-06T03:28:20+0000",
	"volume": "0"
},
{
	"name": "USDXAF",
	"price": "597.329163",
	"symbol": "XAFX",
	"ts": "1428290820",
	"utctime": "2015-04-06T03:27:00+0000",
	"volume": "0"
},
{
	"name": "USDLBP",
	"price": "1512.000000",
	"symbol": "LBPX",
	"ts": "1428290820",
	"utctime": "2015-04-06T03:27:00+0000",
	"volume": "0"
},
{
	"name": "USDXDR",
	"price": "0.718550",
	"symbol": "XDRX",
	"ts": "1428290820",
	"utctime": "2015-04-06T03:27:00+0000",
	"volume": "0"
},
{
	"name": "USDIDR",
	"price": "12937.500000",
	"symbol": "IDRX",
	"ts": "1428290820",
	"utctime": "2015-04-06T03:27:00+0000",
	"volume": "0"
},
{
	"name": "USDIEP",
	"price": "0.717154",
	"symbol": "IEPX",
	"ts": "1428290820",
	"utctime": "2015-04-06T03:27:00+0000",
	"volume": "0"
},
{
	"name": "USDAUD",
	"price": "1.312422",
	"symbol": "AUDX",
	"ts": "1428290900",
	"utctime": "2015-04-06T03:28:20+0000",
	"volume": "0"
},
{
	"name": "USDMMK",
	"price": "1028.500000",
	"symbol": "MMKX",
	"ts": "1428290820",
	"utctime": "2015-04-06T03:27:00+0000",
	"volume": "0"
},
{
	"name": "USDLYD",
	"price": "1.347650",
	"symbol": "LYDX",
	"ts": "1428290820",
	"utctime": "2015-04-06T03:27:00+0000",
	"volume": "0"
},
{
	"name": "USDZAR",
	"price": "11.782650",
	"symbol": "ZARX",
	"ts": "1428290900",
	"utctime": "2015-04-06T03:28:20+0000",
	"volume": "0"
},
{
	"name": "USDIQD",
	"price": "1145.799927",
	"symbol": "IQDX",
	"ts": "1428290820",
	"utctime": "2015-04-06T03:27:00+0000",
	"volume": "0"
},
{
	"name": "USDXPF",
	"price": "108.666153",
	"symbol": "XPFX",
	"ts": "1428290820",
	"utctime": "2015-04-06T03:27:00+0000",
	"volume": "0"
},
{
	"name": "USDTJS",
	"price": "5.967100",
	"symbol": "TJSX",
	"ts": "1428290820",
	"utctime": "2015-04-06T03:27:00+0000",
	"volume": "0"
},
{
	"name": "USDCUP",
	"price": "1.000000",
	"symbol": "CUPX",
	"ts": "1428290820",
	"utctime": "2015-04-06T03:27:00+0000",
	"volume": "0"
},
{
	"name": "USDUGX",
	"price": "3000.000000",
	"symbol": "UGXX",
	"ts": "1428290820",
	"utctime": "2015-04-06T03:27:00+0000",
	"volume": "0"
},
{
	"name": "USDNGN",
	"price": "199.050003",
	"symbol": "NGNX",
	"ts": "1428290820",
	"utctime": "2015-04-06T03:27:00+0000",
	"volume": "0"
},
{
	"name": "USDPGK",
	"price": "2.678450",
	"symbol": "PGKX",
	"ts": "1428290820",
	"utctime": "2015-04-06T03:27:00+0000",
	"volume": "0"
},
{
	"name": "USDTOP",
	"price": "1.986080",
	"symbol": "TOPX",
	"ts": "1428290820",
	"utctime": "2015-04-06T03:27:00+0000",
	"volume": "0"
},
{
	"name": "USDKES",
	"price": "91.433998",
	"symbol": "KESX",
	"ts": "1428290820",
	"utctime": "2015-04-06T03:27:00+0000",
	"volume": "0"
},
{
	"name": "USDTMT",
	"price": "3.500000",
	"symbol": "TMTX",
	"ts": "1428290820",
	"utctime": "2015-04-06T03:27:00+0000",
	"volume": "0"
},
{
	"name": "USDCRC",
	"price": "532.830017",
	"symbol": "CRCX",
	"ts": "1428290820",
	"utctime": "2015-04-06T03:27:00+0000",
	"volume": "0"
},
{
	"name": "USDMZN",
	"price": "36.500000",
	"symbol": "MZNX",
	"ts": "1428290820",
	"utctime": "2015-04-06T03:27:00+0000",
	"volume": "0"
},
{
	"name": "USDSYP",
	"price": "188.929001",
	"symbol": "SYPX",
	"ts": "1428290820",
	"utctime": "2015-04-06T03:27:00+0000",
	"volume": "0"
},
{
	"name": "USDANG",
	"price": "1.790000",
	"symbol": "ANGX",
	"ts": "1428290820",
	"utctime": "2015-04-06T03:27:00+0000",
	"volume": "0"
},
{
	"name": "USDZMW",
	"price": "7.590000",
	"symbol": "ZMWX",
	"ts": "1428290820",
	"utctime": "2015-04-06T03:27:00+0000",
	"volume": "0"
},
{
	"name": "USDBRL",
	"price": "3.104200",
	"symbol": "BRLX",
	"ts": "1428290820",
	"utctime": "2015-04-06T03:27:00+0000",
	"volume": "0"
},
{
	"name": "USDBSD",
	"price": "1.000000",
	"symbol": "BSDX",
	"ts": "1428290820",
	"utctime": "2015-04-06T03:27:00+0000",
	"volume": "0"
},
{
	"name": "USDNIO",
	"price": "26.941900",
	"symbol": "NIOX",
	"ts": "1428290820",
	"utctime": "2015-04-06T03:27:00+0000",
	"volume": "0"
},
{
	"name": "USDGNF",
	"price": "7250.000000",
	"symbol": "GNFX",
	"ts": "1428290820",
	"utctime": "2015-04-06T03:27:00+0000",
	"volume": "0"
},
{
	"name": "USDBMD",
	"price": "1.000000",
	"symbol": "BMDX",
	"ts": "1428290820",
	"utctime": "2015-04-06T03:27:00+0000",
	"volume": "0"
},
{
	"name": "USDSLL",
	"price": "4345.000000",
	"symbol": "SLLX",
	"ts": "1428290820",
	"utctime": "2015-04-06T03:27:00+0000",
	"volume": "0"
},
{
	"name": "USDMKD",
	"price": "56.115002",
	"symbol": "MKDX",
	"ts": "1428290820",
	"utctime": "2015-04-06T03:27:00+0000",
	"volume": "0"
},
{
	"name": "USDBIF",
	"price": "1570.000000",
	"symbol": "BIFX",
	"ts": "1428290820",
	"utctime": "2015-04-06T03:27:00+0000",
	"volume": "0"
},
{
	"name": "USDLAK",
	"price": "7988.299805",
	"symbol": "LAKX",
	"ts": "1428290820",
	"utctime": "2015-04-06T03:27:00+0000",
	"volume": "0"
},
{
	"name": "USDBHD",
	"price": "0.373600",
	"symbol": "BHDX",
	"ts": "1428290820",
	"utctime": "2015-04-06T03:27:00+0000",
	"volume": "0"
},
{
	"name": "USDSHP",
	"price": "0.670300",
	"symbol": "SHPX",
	"ts": "1428290820",
	"utctime": "2015-04-06T03:27:00+0000",
	"volume": "0"
},
{
	"name": "USDBGN",
	"price": "1.781300",
	"symbol": "BGNX",
	"ts": "1428290860",
	"utctime": "2015-04-06T03:27:40+0000",
	"volume": "0"
},
{
	"name": "USDSGD",
	"price": "1.352700",
	"symbol": "SGDX",
	"ts": "1428290900",
	"utctime": "2015-04-06T03:28:20+0000",
	"volume": "0"
},
{
	"name": "USDCNY",
	"price": "6.143250",
	"symbol": "CNYX",
	"ts": "1428290840",
	"utctime": "2015-04-06T03:27:20+0000",
	"volume": "0"
},
{
	"name": "USDEUR",
	"price": "0.910722",
	"symbol": "EURX",
	"ts": "1428290900",
	"utctime": "2015-04-06T03:28:20+0000",
	"volume": "0"
},
{
	"name": "USDTTD",
	"price": "6.371000",
	"symbol": "TTDX",
	"ts": "1428290820",
	"utctime": "2015-04-06T03:27:00+0000",
	"volume": "0"
},
{
	"name": "USDSCR",
	"price": "13.329950",
	"symbol": "SCRX",
	"ts": "1428290820",
	"utctime": "2015-04-06T03:27:00+0000",
	"volume": "0"
},
{
	"name": "USDBBD",
	"price": "2.000000",
	"symbol": "BBDX",
	"ts": "1428290820",
	"utctime": "2015-04-06T03:27:00+0000",
	"volume": "0"
},
{
	"name": "USDSBD",
	"price": "7.783162",
	"symbol": "SBDX",
	"ts": "1428290820",
	"utctime": "2015-04-06T03:27:00+0000",
	"volume": "0"
},
{
	"name": "USDMAD",
	"price": "9.757000",
	"symbol": "MADX",
	"ts": "1428290820",
	"utctime": "2015-04-06T03:27:00+0000",
	"volume": "0"
},
{
	"name": "USDGTQ",
	"price": "7.641500",
	"symbol": "GTQX",
	"ts": "1428290820",
	"utctime": "2015-04-06T03:27:00+0000",
	"volume": "0"
},
{
	"name": "USDMWK",
	"price": "435.575012",
	"symbol": "MWKX",
	"ts": "1428290820",
	"utctime": "2015-04-06T03:27:00+0000",
	"volume": "0"
},
{
	"name": "USDPKR",
	"price": "101.834999",
	"symbol": "PKRX",
	"ts": "1428290820",
	"utctime": "2015-04-06T03:27:00+0000",
	"volume": "0"
},
{
	"name": "USDITL",
	"price": "1763.210815",
	"symbol": "ITLX",
	"ts": "1428290820",
	"utctime": "2015-04-06T03:27:00+0000",
	"volume": "0"
},
{
	"name": "USDPEN",
	"price": "3.094500",
	"symbol": "PENX",
	"ts": "1428290820",
	"utctime": "2015-04-06T03:27:00+0000",
	"volume": "0"
},
{
	"name": "USDAED",
	"price": "3.673150",
	"symbol": "AEDX",
	"ts": "1428290820",
	"utctime": "2015-04-06T03:27:00+0000",
	"volume": "0"
},
{
	"name": "USDLVL",
	"price": "0.640000",
	"symbol": "LVLX",
	"ts": "1428290820",
	"utctime": "2015-04-06T03:27:00+0000",
	"volume": "0"
},
{
	"name": "PALLADIUM 1 OZ",
	"price": "0.001340",
	"symbol": "XPDX",
	"ts": "1428011531",
	"utctime": "2015-04-02T21:52:11+0000",
	"volume": "0"
},
{
	"name": "USDUAH",
	"price": "23.392950",
	"symbol": "UAHX",
	"ts": "1428290820",
	"utctime": "2015-04-06T03:27:00+0000",
	"volume": "0"
},
{
	"name": "USDLRD",
	"price": "84.660004",
	"symbol": "LRDX",
	"ts": "1428290820",
	"utctime": "2015-04-06T03:27:00+0000",
	"volume": "0"
},
{
	"name": "USDFRF",
	"price": "5.973300",
	"symbol": "FRFX",
	"ts": "1428290820",
	"utctime": "2015-04-06T03:27:00+0000",
	"volume": "0"
},
{
	"name": "USDLSL",
	"price": "11.775250",
	"symbol": "LSLX",
	"ts": "1428290820",
	"utctime": "2015-04-06T03:27:00+0000",
	"volume": "0"
},
{
	"name": "USDSEK",
	"price": "8.547150",
	"symbol": "SEKX",
	"ts": "1428290900",
	"utctime": "2015-04-06T03:28:20+0000",
	"volume": "0"
},
{
	"name": "USDRON",
	"price": "4.027000",
	"symbol": "RONX",
	"ts": "1428290820",
	"utctime": "2015-04-06T03:27:00+0000",
	"volume": "0"
},
{
	"name": "USDXOF",
	"price": "597.329163",
	"symbol": "XOFX",
	"ts": "1428290820",
	"utctime": "2015-04-06T03:27:00+0000",
	"volume": "0"
},
{
	"name": "USDCOP",
	"price": "2533.800049",
	"symbol": "COPX",
	"ts": "1428290820",
	"utctime": "2015-04-06T03:27:00+0000",
	"volume": "0"
},
{
	"name": "USDCDF",
	"price": "925.000000",
	"symbol": "CDFX",
	"ts": "1428290820",
	"utctime": "2015-04-06T03:27:00+0000",
	"volume": "0"
},
{
	"name": "USDUSD",
	"price": "1.000000",
	"symbol": "USDX",
	"ts": "1428290820",
	"utctime": "2015-04-06T03:27:00+0000",
	"volume": "0"
},
{
	"name": "USDTZS",
	"price": "1825.900024",
	"symbol": "TZSX",
	"ts": "1428290820",
	"utctime": "2015-04-06T03:27:00+0000",
	"volume": "0"
},
{
	"name": "USDNPR",
	"price": "100.129997",
	"symbol": "NPRX",
	"ts": "1428290820",
	"utctime": "2015-04-06T03:27:00+0000",
	"volume": "0"
},
{
	"name": "USDGHS",
	"price": "3.835000",
	"symbol": "GHSX",
	"ts": "1428290820",
	"utctime": "2015-04-06T03:27:00+0000",
	"volume": "0"
},
{
	"name": "USDZWL",
	"price": "322.355011",
	"symbol": "ZWLX",
	"ts": "1428290820",
	"utctime": "2015-04-06T03:27:00+0000",
	"volume": "0"
},
{
	"name": "USDSOS",
	"price": "698.349976",
	"symbol": "SOSX",
	"ts": "1428290820",
	"utctime": "2015-04-06T03:27:00+0000",
	"volume": "0"
},
{
	"name": "USDDZD",
	"price": "96.300003",
	"symbol": "DZDX",
	"ts": "1428290820",
	"utctime": "2015-04-06T03:27:00+0000",
	"volume": "0"
},
{
	"name": "USDLKR",
	"price": "130.910004",
	"symbol": "LKRX",
	"ts": "1428290820",
	"utctime": "2015-04-06T03:27:00+0000",
	"volume": "0"
},
{
	"name": "USDFKP",
	"price": "0.647000",
	"symbol": "FKPX",
	"ts": "1428290820",
	"utctime": "2015-04-06T03:27:00+0000",
	"volume": "0"
},
{
	"name": "USDJPY",
	"price": "119.082497",
	"symbol": "JPYX",
	"ts": "1428290860",
	"utctime": "2015-04-06T03:27:40+0000",
	"volume": "0"
},
{
	"name": "USDCHF",
	"price": "0.952700",
	"symbol": "CHFX",
	"ts": "1428290900",
	"utctime": "2015-04-06T03:28:20+0000",
	"volume": "0"
},
{
	"name": "USDKYD",
	"price": "0.820000",
	"symbol": "KYDX",
	"ts": "1428290820",
	"utctime": "2015-04-06T03:27:00+0000",
	"volume": "0"
},
{
	"name": "USDCLP",
	"price": "615.395020",
	"symbol": "CLPX",
	"ts": "1428290820",
	"utctime": "2015-04-06T03:27:00+0000",
	"volume": "0"
},
{
	"name": "USDIRR",
	"price": "28084.000000",
	"symbol": "IRRX",
	"ts": "1428290820",
	"utctime": "2015-04-06T03:27:00+0000",
	"volume": "0"
},
{
	"name": "USDAFN",
	"price": "57.880001",
	"symbol": "AFNX",
	"ts": "1428290820",
	"utctime": "2015-04-06T03:27:00+0000",
	"volume": "0"
},
{
	"name": "USDDJF",
	"price": "177.720001",
	"symbol": "DJFX",
	"ts": "1428290820",
	"utctime": "2015-04-06T03:27:00+0000",
	"volume": "0"
},
{
	"name": "USDSVC",
	"price": "8.745000",
	"symbol": "SVCX",
	"ts": "1428290820",
	"utctime": "2015-04-06T03:27:00+0000",
	"volume": "0"
},
{
	"name": "USDPLN",
	"price": "3.699200",
	"symbol": "PLNX",
	"ts": "1428290896",
	"utctime": "2015-04-06T03:28:16+0000",
	"volume": "0"
},
{
	"name": "USDPYG",
	"price": "4839.720215",
	"symbol": "PYGX",
	"ts": "1428290820",
	"utctime": "2015-04-06T03:27:00+0000",
	"volume": "0"
},
{
	"name": "USDERN",
	"price": "15.279000",
	"symbol": "ERNX",
	"ts": "1428290820",
	"utctime": "2015-04-06T03:27:00+0000",
	"volume": "0"
},
{
	"name": "USDETB",
	"price": "20.442499",
	"symbol": "ETBX",
	"ts": "1428290820",
	"utctime": "2015-04-06T03:27:00+0000",
	"volume": "0"
},
{
	"name": "USDILS",
	"price": "3.923600",
	"symbol": "ILSX",
	"ts": "1428290820",
	"utctime": "2015-04-06T03:27:00+0000",
	"volume": "0"
},
{
	"name": "USDTWD",
	"price": "30.930000",
	"symbol": "TWDX",
	"ts": "1428290820",
	"utctime": "2015-04-06T03:27:00+0000",
	"volume": "0"
},
{
	"name": "USDKPW",
	"price": "900.000000",
	"symbol": "KPWX",
	"ts": "1428290820",
	"utctime": "2015-04-06T03:27:00+0000",
	"volume": "0"
},
{
	"name": "USDGIP",
	"price": "0.670300",
	"symbol": "GIPX",
	"ts": "1428290820",
	"utctime": "2015-04-06T03:27:00+0000",
	"volume": "0"
},
{
	"name": "USDSIT",
	"price": "218.221603",
	"symbol": "SITX",
	"ts": "1428290820",
	"utctime": "2015-04-06T03:27:00+0000",
	"volume": "0"
},
{
	"name": "USDBND",
	"price": "1.353050",
	"symbol": "BNDX",
	"ts": "1428290820",
	"utctime": "2015-04-06T03:27:00+0000",
	"volume": "0"
},
{
	"name": "USDHNL",
	"price": "21.350000",
	"symbol": "HNLX",
	"ts": "1428290820",
	"utctime": "2015-04-06T03:27:00+0000",
	"volume": "0"
},
{
	"name": "USDCZK",
	"price": "25.079000",
	"symbol": "CZKX",
	"ts": "1428290900",
	"utctime": "2015-04-06T03:28:20+0000",
	"volume": "0"
},
{
	"name": "USDHUF",
	"price": "272.359985",
	"symbol": "HUFX",
	"ts": "1428290896",
	"utctime": "2015-04-06T03:28:16+0000",
	"volume": "0"
},
{
	"name": "USDBZD",
	"price": "1.995000",
	"symbol": "BZDX",
	"ts": "1428290820",
	"utctime": "2015-04-06T03:27:00+0000",
	"volume": "0"
},
{
	"name": "USDDEM",
	"price": "1.781050",
	"symbol": "DEMX",
	"ts": "1428290820",
	"utctime": "2015-04-06T03:27:00+0000",
	"volume": "0"
},
{
	"name": "USDJOD",
	"price": "0.708150",
	"symbol": "JODX",
	"ts": "1428290820",
	"utctime": "2015-04-06T03:27:00+0000",
	"volume": "0"
},
{
	"name": "USDRWF",
	"price": "689.000000",
	"symbol": "RWFX",
	"ts": "1428290820",
	"utctime": "2015-04-06T03:27:00+0000",
	"volume": "0"
},
{
	"name": "USDLTL",
	"price": "2.934000",
	"symbol": "LTLX",
	"ts": "1428290820",
	"utctime": "2015-04-06T03:27:00+0000",
	"volume": "0"
},
{
	"name": "USDRUB",
	"price": "57.089500",
	"symbol": "RUBX",
	"ts": "1428290820",
	"utctime": "2015-04-06T03:27:00+0000",
	"volume": "0"
},
{
	"name": "USDRSD",
	"price": "109.379997",
	"symbol": "RSDX",
	"ts": "1428290820",
	"utctime": "2015-04-06T03:27:00+0000",
	"volume": "0"
},
{
	"name": "USDWST",
	"price": "2.474551",
	"symbol": "WSTX",
	"ts": "1428290820",
	"utctime": "2015-04-06T03:27:00+0000",
	"volume": "0"
},
{
	"name": "PLATINUM 1 UZ 999",
	"price": "0.000867",
	"symbol": "XPTX",
	"ts": "1428011531",
	"utctime": "2015-04-02T21:52:11+0000",
	"volume": "129"
},
{
	"name": "USDPAB",
	"price": "1.000000",
	"symbol": "PABX",
	"ts": "1428290820",
	"utctime": "2015-04-06T03:27:00+0000",
	"volume": "0"
},
{
	"name": "USDNAD",
	"price": "11.775250",
	"symbol": "NADX",
	"ts": "1428290820",
	"utctime": "2015-04-06T03:27:00+0000",
	"volume": "0"
},
{
	"name": "USDDOP",
	"price": "44.674999",
	"symbol": "DOPX",
	"ts": "1428290820",
	"utctime": "2015-04-06T03:27:00+0000",
	"volume": "0"
},
{
	"name": "USDALL",
	"price": "127.824501",
	"symbol": "ALLX",
	"ts": "1428290820",
	"utctime": "2015-04-06T03:27:00+0000",
	"volume": "0"
},
{
	"name": "USDHTG",
	"price": "47.313301",
	"symbol": "HTGX",
	"ts": "1428290820",
	"utctime": "2015-04-06T03:27:00+0000",
	"volume": "0"
},
{
	"name": "USDKMF",
	"price": "447.996887",
	"symbol": "KMFX",
	"ts": "1428290820",
	"utctime": "2015-04-06T03:27:00+0000",
	"volume": "0"
},
{
	"name": "USDAMD",
	"price": "473.049988",
	"symbol": "AMDX",
	"ts": "1428290820",
	"utctime": "2015-04-06T03:27:00+0000",
	"volume": "0"
},
{
	"name": "USDMRO",
	"price": "315.000000",
	"symbol": "MROX",
	"ts": "1428290820",
	"utctime": "2015-04-06T03:27:00+0000",
	"volume": "0"
},
{
	"name": "USDHRK",
	"price": "6.942100",
	"symbol": "HRKX",
	"ts": "1428290820",
	"utctime": "2015-04-06T03:27:00+0000",
	"volume": "0"
},
{
	"name": "USDECS",
	"price": "25000.000000",
	"symbol": "ECSX",
	"ts": "1428290820",
	"utctime": "2015-04-06T03:27:00+0000",
	"volume": "0"
},
{
	"name": "USDKHR",
	"price": "3942.199951",
	"symbol": "KHRX",
	"ts": "1428290820",
	"utctime": "2015-04-06T03:27:00+0000",
	"volume": "0"
},
{
	"name": "USDPHP",
	"price": "44.384998",
	"symbol": "PHPX",
	"ts": "1428290820",
	"utctime": "2015-04-06T03:27:00+0000",
	"volume": "0"
},
{
	"name": "USDCYP",
	"price": "0.532950",
	"symbol": "CYPX",
	"ts": "1428290820",
	"utctime": "2015-04-06T03:27:00+0000",
	"volume": "0"
},
{
	"name": "USDKWD",
	"price": "0.300470",
	"symbol": "KWDX",
	"ts": "1428290820",
	"utctime": "2015-04-06T03:27:00+0000",
	"volume": "0"
},
{
	"name": "USDXCD",
	"price": "2.700000",
	"symbol": "XCDX",
	"ts": "1428290820",
	"utctime": "2015-04-06T03:27:00+0000",
	"volume": "0"
},
{
	"name": "COPPER HIGHGRADE",
	"price": "0.362319",
	"symbol": "XCPX",
	"ts": "1428289623",
	"utctime": "2015-04-06T03:07:03+0000",
	"volume": "175"
},
{
	"name": "USDCNH",
	"price": "6.197750",
	"symbol": "CNHX",
	"ts": "1428290840",
	"utctime": "2015-04-06T03:27:20+0000",
	"volume": "0"
},
{
	"name": "USDSDG",
	"price": "5.975000",
	"symbol": "SDGX",
	"ts": "1428290820",
	"utctime": "2015-04-06T03:27:00+0000",
	"volume": "0"
},
{
	"name": "USDCLF",
	"price": "0.024600",
	"symbol": "CLFX",
	"ts": "1428290820",
	"utctime": "2015-04-06T03:27:00+0000",
	"volume": "0"
},
{
	"name": "USDKZT",
	"price": "185.895004",
	"symbol": "KZTX",
	"ts": "1428290820",
	"utctime": "2015-04-06T03:27:00+0000",
	"volume": "0"
},
{
	"name": "USDTRY",
	"price": "2.567050",
	"symbol": "TRYX",
	"ts": "1428290891",
	"utctime": "2015-04-06T03:28:11+0000",
	"volume": "0"
},
{
	"name": "USDNZD",
	"price": "1.315946",
	"symbol": "NZDX",
	"ts": "1428290900",
	"utctime": "2015-04-06T03:28:20+0000",
	"volume": "0"
},
{
	"name": "USDFJD",
	"price": "2.061950",
	"symbol": "FJDX",
	"ts": "1428290820",
	"utctime": "2015-04-06T03:27:00+0000",
	"volume": "0"
},
{
	"name": "USDBAM",
	"price": "1.781050",
	"symbol": "BAMX",
	"ts": "1428290820",
	"utctime": "2015-04-06T03:27:00+0000",
	"volume": "0"
},
{
	"name": "USDBTN",
	"price": "62.581249",
	"symbol": "BTNX",
	"ts": "1428290820",
	"utctime": "2015-04-06T03:27:00+0000",
	"volume": "0"
},
{
	"name": "USDSTD",
	"price": "22292.500000",
	"symbol": "STDX",
	"ts": "1428290820",
	"utctime": "2015-04-06T03:27:00+0000",
	"volume": "0"
},
{
	"name": "USDVUV",
	"price": "108.364998",
	"symbol": "VUVX",
	"ts": "1428290820",
	"utctime": "2015-04-06T03:27:00+0000",
	"volume": "0"
},
{
	"name": "USDMVR",
	"price": "15.340000",
	"symbol": "MVRX",
	"ts": "1428290820",
	"utctime": "2015-04-06T03:27:00+0000",
	"volume": "0"
},
{
	"name": "USDAOA",
	"price": "108.250000",
	"symbol": "AOAX",
	"ts": "1428290820",
	"utctime": "2015-04-06T03:27:00+0000",
	"volume": "0"
},
{
	"name": "USDEGP",
	"price": "7.630000",
	"symbol": "EGPX",
	"ts": "1428290820",
	"utctime": "2015-04-06T03:27:00+0000",
	"volume": "0"
},
{
	"name": "USDQAR",
	"price": "3.639950",
	"symbol": "QARX",
	"ts": "1428290820",
	"utctime": "2015-04-06T03:27:00+0000",
	"volume": "0"
},
{
	"name": "USDOMR",
	"price": "0.385000",
	"symbol": "OMRX",
	"ts": "1428290820",
	"utctime": "2015-04-06T03:27:00+0000",
	"volume": "0"
},
{
	"name": "USDCVE",
	"price": "100.379997",
	"symbol": "CVEX",
	"ts": "1428290820",
	"utctime": "2015-04-06T03:27:00+0000",
	"volume": "0"
},
{
	"name": "USDKG",
	"price": "63.888901",
	"symbol": "KGSX",
	"ts": "1428290820",
	"utctime": "2015-04-06T03:27:00+0000",
	"volume": "0"
},
{
	"name": "USDMXN",
	"price": "14.822600",
	"symbol": "MXNX",
	"ts": "1428290900",
	"utctime": "2015-04-06T03:28:20+0000",
	"volume": "0"
},
{
	"name": "USDMYR",
	"price": "3.639000",
	"symbol": "MYRX",
	"ts": "1428290820",
	"utctime": "2015-04-06T03:27:00+0000",
	"volume": "0"
},
{
	"name": "USDGYD",
	"price": "207.210007",
	"symbol": "GYDX",
	"ts": "1428290820",
	"utctime": "2015-04-06T03:27:00+0000",
	"volume": "0"
},
{
	"name": "USDSZL",
	"price": "11.775250",
	"symbol": "SZLX",
	"ts": "1428290820",
	"utctime": "2015-04-06T03:27:00+0000",
	"volume": "0"
},
{
	"name": "USDYER",
	"price": "215.059998",
	"symbol": "YERX",
	"ts": "1428290820",
	"utctime": "2015-04-06T03:27:00+0000",
	"volume": "0"
},
{
	"name": "USDSAR",
	"price": "3.750950",
	"symbol": "SARX",
	"ts": "1428290820",
	"utctime": "2015-04-06T03:27:00+0000",
	"volume": "0"
},
{
	"name": "USDUYU",
	"price": "25.695000",
	"symbol": "UYUX",
	"ts": "1428290820",
	"utctime": "2015-04-06T03:27:00+0000",
	"volume": "0"
},
{
	"name": "USDGBP",
	"price": "0.670223",
	"symbol": "GBPX",
	"ts": "1428290890",
	"utctime": "2015-04-06T03:28:10+0000",
	"volume": "0"
},
{
	"name": "USDUZS",
	"price": "2490.199951",
	"symbol": "UZSX",
	"ts": "1428290820",
	"utctime": "2015-04-06T03:27:00+0000",
	"volume": "0"
},
{
	"name": "USDGMD",
	"price": "42.930000",
	"symbol": "GMDX",
	"ts": "1428290820",
	"utctime": "2015-04-06T03:27:00+0000",
	"volume": "0"
},
{
	"name": "USDAWG",
	"price": "1.790000",
	"symbol": "AWGX",
	"ts": "1428290820",
	"utctime": "2015-04-06T03:27:00+0000",
	"volume": "0"
},
{
	"name": "USDMNT",
	"price": "1983.000000",
	"symbol": "MNTX",
	"ts": "1428290820",
	"utctime": "2015-04-06T03:27:00+0000",
	"volume": "0"
},
{
	"name": "GOLD1OZ",
	"price": "0.000822",
	"symbol": "XAUX",
	"ts": "1428290874",
	"utctime": "2015-04-06T03:27:54+0000",
	"volume": "0"
},
{
	"name": "USDHKD",
	"price": "7.752400",
	"symbol": "HKDX",
	"ts": "1428290900",
	"utctime": "2015-04-06T03:28:20+0000",
	"volume": "0"
},
{
	"name": "USDARS",
	"price": "8.762050",
	"symbol": "ARSX",
	"ts": "1428290820",
	"utctime": "2015-04-06T03:27:00+0000",
	"volume": "0"
},
{
	"name": "USDKRW QARX",
	"price": "1085.800049",
	"symbol": "KRWX",
	"ts": "1428290890",
	"utctime": "2015-04-06T03:28:10+0000",
	"volume": "0"
},
{
	"name": "SILVER 1 OZ 999 NY DEMX",
	"price": "0.059930",
	"symbol": "XAGX",
	"ts": "1428011531",
	"utctime": "2015-04-02T21:52:11+0000",
	"volume": "100"
},
{
	"name": "USDVND LAKX",
	"price": "21595.000000",
	"symbol": "VNDX",
	"ts": "1428290820",
	"utctime": "2015-04-06T03:27:00+0000",
	"volume": "0"
},
{
	"name": "USDBOB JMDX",
	"price": "6.910000",
	"symbol": "BOBX",
	"ts": "1428290820",
	"utctime": "2015-04-06T03:27:00+0000",
	"volume": "0"
},
{
	"name": "USDMOP UAHX",
	"price": "7.985000",
	"symbol": "MOPX",
	"ts": "1428290820",
	"utctime": "2015-04-06T03:27:00+0000",
	"volume": "0"
},
{
	"name": "USDBDT FJDX",
	"price": "76.585953",
	"symbol": "BDTX",
	"ts": "1428290820",
	"utctime": "2015-04-06T03:27:00+0000",
	"volume": "0"
},
{
	"name": "USDMDL LAKX",
	"price": "17.400000",
	"symbol": "MDLX",
	"ts": "1428290820",
	"utctime": "2015-04-06T03:27:00+0000",
	"volume": "0"
},
{
	"name": "USDVEFGL",
	"price": "6.350000",
	"symbol": "VEFX",
	"ts": "1428290820",
	"utctime": "2015-04-06T03:27:00+0000",
	"volume": "0"
},
{
	"name": "USDGELPO",
	"price": "2.256400",
	"symbol": "GELX",
	"ts": "1428290820",
	"utctime": "2015-04-06T03:27:00+0000",
	"volume": "0"
},
{
	"name": "USDISKJH",
	"price": "134.095001",
	"symbol": "ISKX",
	"ts": "1428290820",
	"utctime": "2015-04-06T03:27:00+0000",
	"volume": "0"
},
{
	"name": "USDBYRTRL",
	"price": "14600.000000",
	"symbol": "BYRX",
	"ts": "1428290820",
	"utctime": "2015-04-06T03:27:00+0000",
	"volume": "0"
},
{
	"name": "USDTHBWQE",
	"price": "32.169498",
	"symbol": "THBX",
	"ts": "1428290880",
	"utctime": "2015-04-06T03:28:00+0000",
	"volume": "0"
},
{
	"name": "USDMXVLO",
	"price": "2.810000",
	"symbol": "MXVX",
	"ts": "1428290820",
	"utctime": "2015-04-06T03:27:00+0000",
	"volume": "0"
},
{
	"name": "USDTNDJHT",
	"price": "1.944150",
	"symbol": "TNDX",
	"ts": "1428290820",
	"utctime": "2015-04-06T03:27:00+0000",
	"volume": "0"
},
{
	"name": "USDJMD BBB",
	"price": "114.705002",
	"symbol": "JMDX",
	"ts": "1428290820",
	"utctime": "2015-04-06T03:27:00+0000",
	"volume": "0"
},
{
	"name": "USDDKK KKK",
	"price": "6.806300",
	"symbol": "DKKX",
	"ts": "1428290900",
	"utctime": "2015-04-06T03:28:20+0000",
	"volume": "0"
},
{
	"name": "USDSRD JJJFGD",
	"price": "3.300000",
	"symbol": "SRDX",
	"ts": "1428290820",
	"utctime": "2015-04-06T03:27:00+0000",
	"volume": "0"
},
{
	"name": "USDBWP HTTRD",
	"price": "9.741150",
	"symbol": "BWPX",
	"ts": "1428290820",
	"utctime": "2015-04-06T03:27:00+0000",
	"volume": "0"
},
{
	"name": "USDNOK IUGT",
	"price": "7.929400",
	"symbol": "NOKX",
	"ts": "1428290900",
	"utctime": "2015-04-06T03:28:20+0000",
	"volume": "0"
},
{
	"name": "USDMUR TRW",
	"price": "36.400002",
	"symbol": "MURX",
	"ts": "1428290820",
	"utctime": "2015-04-06T03:27:00+0000",
	"volume": "0"
},
{
	"name": "USDAZN HFS",
	"price": "1.046250",
	"symbol": "AZNX",
	"ts": "1428290820",
	"utctime": "2015-04-06T03:27:00+0000",
	"volume": "0"
},
{
	"name": "USDINR HYR",
	"price": "62.064999",
	"symbol": "INRX",
	"ts": "1428290840",
	"utctime": "2015-04-06T03:27:20+0000",
	"volume": "0"
},
{
	"name": "USDMGA UTT",
	"price": "3009.649902",
	"symbol": "MGAX",
	"ts": "1428290820",
	"utctime": "2015-04-06T03:27:00+0000",
	"volume": "0"
},
{
	"name": "USDCADJHGHGFD",
	"price": "1.247655",
	"symbol": "CADX",
	"ts": "1428290900",
	"utctime": "2015-04-06T03:28:20+0000",
	"volume": "0"
},
{
	"name": "USDXAFKI",
	"price": "597.329163",
	"symbol": "XAFX",
	"ts": "1428290820",
	"utctime": "2015-04-06T03:27:00+0000",
	"volume": "0"
},
{
	"name": "USDLBPJHG",
	"price": "1512.000000",
	"symbol": "LBPX",
	"ts": "1428290820",
	"utctime": "2015-04-06T03:27:00+0000",
	"volume": "0"
},
{
	"name": "USDXDRYTRDS",
	"price": "0.718550",
	"symbol": "XDRX",
	"ts": "1428290820",
	"utctime": "2015-04-06T03:27:00+0000",
	"volume": "0"
},
{
	"name": "USDIDROPIU",
	"price": "12937.500000",
	"symbol": "IDRX",
	"ts": "1428290820",
	"utctime": "2015-04-06T03:27:00+0000",
	"volume": "0"
},
{
	"name": "USDIEPRTES",
	"price": "0.717154",
	"symbol": "IEPX",
	"ts": "1428290820",
	"utctime": "2015-04-06T03:27:00+0000",
	"volume": "0"
},
{
	"name": "USDAUDRTYGF",
	"price": "1.312422",
	"symbol": "AUDX",
	"ts": "1428290900",
	"utctime": "2015-04-06T03:28:20+0000",
	"volume": "0"
},
{
	"name": "USDMMKHYYT",
	"price": "1028.500000",
	"symbol": "MMKX",
	"ts": "1428290820",
	"utctime": "2015-04-06T03:27:00+0000",
	"volume": "0"
},
{
	"name": "USDLYDOUDI",
	"price": "1.347650",
	"symbol": "LYDX",
	"ts": "1428290820",
	"utctime": "2015-04-06T03:27:00+0000",
	"volume": "0"
},
{
	"name": "USDZARPWEIKD",
	"price": "11.782650",
	"symbol": "ZARX",
	"ts": "1428290900",
	"utctime": "2015-04-06T03:28:20+0000",
	"volume": "0"
},
{
	"name": "USDIQDTRDS",
	"price": "1145.799927",
	"symbol": "IQDX",
	"ts": "1428290820",
	"utctime": "2015-04-06T03:27:00+0000",
	"volume": "0"
},
{
	"name": "USDXPFKDH",
	"price": "108.6661C53",
	"symbol": "XPFX",
	"ts": "1428290820",
	"utctime": "2015-04-06T03:27:00+0000",
	"volume": "0"
},
{
	"name": "USDTKKHJSJS",
	"price": "5.967100",
	"symbol": "TJSX",
	"ts": "1428290820",
	"utctime": "2015-04-06T03:27:00+0000",
	"volume": "0"
},
{
	"name": "USDCUPJKHJJV",
	"price": "1.000000",
	"symbol": "CUPX",
	"ts": "1428290820",
	"utctime": "2015-04-06T03:27:00+0000",
	"volume": "0"
},
{
	"name": "USDUGXLKOH",
	"price": "3000.000000",
	"symbol": "UGXX",
	"ts": "1428290820",
	"utctime": "2015-04-06T03:27:00+0000",
	"volume": "0"
},
{
	"name": "USDNGNJGHGH",
	"price": "199.050003",
	"symbol": "NGNX",
	"ts": "1428290820",
	"utctime": "2015-04-06T03:27:00+0000",
	"volume": "0"
},
{
	"name": "USDPGKHUHG",
	"price": "2.678450",
	"symbol": "PGKX",
	"ts": "1428290820",
	"utctime": "2015-04-06T03:27:00+0000",
	"volume": "0"
},
{
	"name": "USDTOP",
	"price": "1.986080",
	"symbol": "TOPX",
	"ts": "1428290820",
	"utctime": "2015-04-06T03:27:00+0000",
	"volume": "0"
},
{
	"name": "USDKESGF",
	"price": "91.433998",
	"symbol": "KESX",
	"ts": "1428290820",
	"utctime": "2015-04-06T03:27:00+0000",
	"volume": "0"
},
{
	"name": "USDTMTJHGF",
	"price": "3.500000",
	"symbol": "TMTX",
	"ts": "1428290820",
	"utctime": "2015-04-06T03:27:00+0000",
	"volume": "0"
},
{
	"name": "USDCRCFLD",
	"price": "532.830017",
	"symbol": "CRCX",
	"ts": "1428290820",
	"utctime": "2015-04-06T03:27:00+0000",
	"volume": "0"
},
{
	"name": "USDMZNFDV",
	"price": "36.500000",
	"symbol": "MZNX",
	"ts": "1428290820",
	"utctime": "2015-04-06T03:27:00+0000",
	"volume": "0"
},
{
	"name": "USDSYPVSSA",
	"price": "188.929001",
	"symbol": "SYPX",
	"ts": "1428290820",
	"utctime": "2015-04-06T03:27:00+0000",
	"volume": "0"
},
{
	"name": "USDANGFFR",
	"price": "1.790000",
	"symbol": "ANGX",
	"ts": "1428290820",
	"utctime": "2015-04-06T03:27:00+0000",
	"volume": "0"
},
{
	"name": "USDZMWFVFV",
	"price": "7.590000",
	"symbol": "ZMWX",
	"ts": "1428290820",
	"utctime": "2015-04-06T03:27:00+0000",
	"volume": "0"
},
{
	"name": "USDBRL HIGHGRADE",
	"price": "3.104200",
	"symbol": "BRLX",
	"ts": "1428290820",
	"utctime": "2015-04-06T03:27:00+0000",
	"volume": "0"
},
{
	"name": "USDBSDFFDS",
	"price": "1.000000",
	"symbol": "BSDX",
	"ts": "1428290820",
	"utctime": "2015-04-06T03:27:00+0000",
	"volume": "0"
},
{
	"name": "USDNFDSFFIOIO",
	"price": "26.941900",
	"symbol": "NIOX",
	"ts": "1428290820",
	"utctime": "2015-04-06T03:27:00+0000",
	"volume": "0"
},
{
	"name": "USDGNFDSKDFJ",
	"price": "7250.000000",
	"symbol": "GNFX",
	"ts": "1428290820",
	"utctime": "2015-04-06T03:27:00+0000",
	"volume": "0"
},
{
	"name": "USDBMDDSDV",
	"price": "1.000000",
	"symbol": "BMDX",
	"ts": "1428290820",
	"utctime": "2015-04-06T03:27:00+0000",
	"volume": "0"
},
{
	"name": "USDSLLDFEF",
	"price": "4345.000000",
	"symbol": "SLLX",
	"ts": "1428290820",
	"utctime": "2015-04-06T03:27:00+0000",
	"volume": "0"
},
{
	"name": "USDMKDFFWE",
	"price": "56.115002",
	"symbol": "MKDX",
	"ts": "1428290820",
	"utctime": "2015-04-06T03:27:00+0000",
	"volume": "0"
},
{
	"name": "USDBIFFFA",
	"price": "1570.000000",
	"symbol": "BIFX",
	"ts": "1428290820",
	"utctime": "2015-04-06T03:27:00+0000",
	"volume": "0"
},
{
	"name": "USDLAKFDFE",
	"price": "7988.299805",
	"symbol": "LAKX",
	"ts": "1428290820",
	"utctime": "2015-04-06T03:27:00+0000",
	"volume": "0"
},
{
	"name": "USDBHDFEFDQ",
	"price": "0.373600",
	"symbol": "BHDX",
	"ts": "1428290820",
	"utctime": "2015-04-06T03:27:00+0000",
	"volume": "0"
},
{
	"name": "USDSHPDFW",
	"price": "0.670300",
	"symbol": "SHPX",
	"ts": "1428290820",
	"utctime": "2015-04-06T03:27:00+0000",
	"volume": "0"
},
{
	"name": "USDBGN BBDX",
	"price": "1.781300",
	"symbol": "BGNX",
	"ts": "1428290860",
	"utctime": "2015-04-06T03:27:40+0000",
	"volume": "0"
},
{
	"name": "USDSGDWDF",
	"price": "1.352700",
	"symbol": "SGDX",
	"ts": "1428290900",
	"utctime": "2015-04-06T03:28:20+0000",
	"volume": "0"
},
{
	"name": "USDCNYEFWE",
	"price": "6.143250",
	"symbol": "CNYX",
	"ts": "1428290840",
	"utctime": "2015-04-06T03:27:20+0000",
	"volume": "0"
},
{
	"name": "USDEURFSFWE",
	"price": "0.910722",
	"symbol": "EURX",
	"ts": "1428290900",
	"utctime": "2015-04-06T03:28:20+0000",
	"volume": "0"
},
{
	"name": "USDTTDEFWR",
	"price": "6.371000",
	"symbol": "TTDX",
	"ts": "1428290820",
	"utctime": "2015-04-06T03:27:00+0000",
	"volume": "0"
},
{
	"name": "USDSCREQFR",
	"price": "13.329950",
	"symbol": "SCRX",
	"ts": "1428290820",
	"utctime": "2015-04-06T03:27:00+0000",
	"volume": "0"
},
{
	"name": "USDBBDFRFW",
	"price": "2.000000",
	"symbol": "BBDX",
	"ts": "1428290820",
	"utctime": "2015-04-06T03:27:00+0000",
	"volume": "0"
},
{
	"name": "USDSBDFRW",
	"price": "7.783162",
	"symbol": "SBDX",
	"ts": "1428290820",
	"utctime": "2015-04-06T03:27:00+0000",
	"volume": "0"
},
{
	"name": "USDMADFFRE",
	"price": "9.757000",
	"symbol": "MADX",
	"ts": "1428290820",
	"utctime": "2015-04-06T03:27:00+0000",
	"volume": "0"
},
{
	"name": "USDGTQFRWR",
	"price": "7.641500",
	"symbol": "GTQX",
	"ts": "1428290820",
	"utctime": "2015-04-06T03:27:00+0000",
	"volume": "0"
},
{
	"name": "USDMWKREFR",
	"price": "435.575012",
	"symbol": "MWKX",
	"ts": "1428290820",
	"utctime": "2015-04-06T03:27:00+0000",
	"volume": "0"
},
{
	"name": "USDPKRFEWWE",
	"price": "101.834999",
	"symbol": "PKRX",
	"ts": "1428290820",
	"utctime": "2015-04-06T03:27:00+0000",
	"volume": "0"
},
{
	"name": "USDITLREWWF",
	"price": "1763.210815",
	"symbol": "ITLX",
	"ts": "1428290820",
	"utctime": "2015-04-06T03:27:00+0000",
	"volume": "0"
},
{
	"name": "USDPENMMMM",
	"price": "3.094500",
	"symbol": "PENX",
	"ts": "1428290820",
	"utctime": "2015-04-06T03:27:00+0000",
	"volume": "0"
},
{
	"name": "USDAED",
	"price": "3.673150",
	"symbol": "AEDX",
	"ts": "1428290820",
	"utctime": "2015-04-06T03:27:00+0000",
	"volume": "0"
},
{
	"name": "USDLVLPJIH",
	"price": "0.640000",
	"symbol": "LVLX",
	"ts": "1428290820",
	"utctime": "2015-04-06T03:27:00+0000",
	"volume": "0"
},
{
	"name": "PALLADIUM GREG1 OZ",
	"price": "0.001340",
	"symbol": "XPDX",
	"ts": "1428011531",
	"utctime": "2015-04-02T21:52:11+0000",
	"volume": "0"
},
{
	"name": "USDUAH HHH",
	"price": "23.392950",
	"symbol": "UAHX",
	"ts": "1428290820",
	"utctime": "2015-04-06T03:27:00+0000",
	"volume": "0"
},
{
	"name": "USDLRD BGGRTT",
	"price": "84.660004",
	"symbol": "LRDX",
	"ts": "1428290820",
	"utctime": "2015-04-06T03:27:00+0000",
	"volume": "0"
},
{
	"name": "USDFRF HGFXB",
	"price": "5.973300",
	"symbol": "FRFX",
	"ts": "1428290820",
	"utctime": "2015-04-06T03:27:00+0000",
	"volume": "0"
},
{
	"name": "USDLSL GGS",
	"price": "11.775250",
	"symbol": "LSLX",
	"ts": "1428290820",
	"utctime": "2015-04-06T03:27:00+0000",
	"volume": "0"
},
{
	"name": "USDSEK GTRHH",
	"price": "8.547150",
	"symbol": "SEKX",
	"ts": "1428290900",
	"utctime": "2015-04-06T03:28:20+0000",
	"volume": "0"
},
{
	"name": "USDRON HDGE",
	"price": "4.027000",
	"symbol": "RONX",
	"ts": "1428290820",
	"utctime": "2015-04-06T03:27:00+0000",
	"volume": "0"
},
{
	"name": "USDXOF HRGE",
	"price": "597.329163",
	"symbol": "XOFX",
	"ts": "1428290820",
	"utctime": "2015-04-06T03:27:00+0000",
	"volume": "0"
},
{
	"name": "USDCOP HWHHH",
	"price": "2533.800049",
	"symbol": "COPX",
	"ts": "1428290820",
	"utctime": "2015-04-06T03:27:00+0000",
	"volume": "0"
},
{
	"name": "USDCDF HTGTET",
	"price": "925.000000",
	"symbol": "CDFX",
	"ts": "1428290820",
	"utctime": "2015-04-06T03:27:00+0000",
	"volume": "0"
},
{
	"name": "USDUSD TTGERTG HHRR",
	"price": "1.000000",
	"symbol": "USDX",
	"ts": "1428290820",
	"utctime": "2015-04-06T03:27:00+0000",
	"volume": "0"
},
{
	"name": "USDTZS HTRGT FGHW",
	"price": "1825.900024",
	"symbol": "TZSX",
	"ts": "1428290820",
	"utctime": "2015-04-06T03:27:00+0000",
	"volume": "0"
},
{
	"name": "USDNPR TMTX",
	"price": "100.129997",
	"symbol": "NPRX",
	"ts": "1428290820",
	"utctime": "2015-04-06T03:27:00+0000",
	"volume": "0"
},
{
	"name": "USDGHS RTTGER",
	"price": "3.835000",
	"symbol": "GHSX",
	"ts": "1428290820",
	"utctime": "2015-04-06T03:27:00+0000",
	"volume": "0"
},
{
	"name": "USDZWL HSA",
	"price": "322.355011",
	"symbol": "ZWLX",
	"ts": "1428290820",
	"utctime": "2015-04-06T03:27:00+0000",
	"volume": "0"
},
{
	"name": "USDSOS HDFB",
	"price": "698.349976",
	"symbol": "SOSX",
	"ts": "1428290820",
	"utctime": "2015-04-06T03:27:00+0000",
	"volume": "0"
},
{
	"name": "USDDZD BDBS",
	"price": "96.300003",
	"symbol": "DZDX",
	"ts": "1428290820",
	"utctime": "2015-04-06T03:27:00+0000",
	"volume": "0"
},
{
	"name": "USDLKRJHFDHGF",
	"price": "130.910004",
	"symbol": "LKRX",
	"ts": "1428290820",
	"utctime": "2015-04-06T03:27:00+0000",
	"volume": "0"
},
{
	"name": "USDFKPCDC",
	"price": "0.647000",
	"symbol": "FKPX",
	"ts": "1428290820",
	"utctime": "2015-04-06T03:27:00+0000",
	"volume": "0"
},
{
	"name": "USDJPYFCDSC",
	"price": "119.082497",
	"symbol": "JPYX",
	"ts": "1428290860",
	"utctime": "2015-04-06T03:27:40+0000",
	"volume": "0"
},
{
	"name": "USDCHFCD",
	"price": "0.952700",
	"symbol": "CHFX",
	"ts": "1428290900",
	"utctime": "2015-04-06T03:28:20+0000",
	"volume": "0"
},
{
	"name": "USDKYDDSFWE",
	"price": "0.820000",
	"symbol": "KYDX",
	"ts": "1428290820",
	"utctime": "2015-04-06T03:27:00+0000",
	"volume": "0"
},
{
	"name": "USDCLP FDSAS",
	"price": "615.395020",
	"symbol": "CLPX",
	"ts": "1428290820",
	"utctime": "2015-04-06T03:27:00+0000",
	"volume": "0"
},
{
	"name": "USDIRR FQdwe",
	"price": "28084.000000",
	"symbol": "IRRX",
	"ts": "1428290820",
	"utctime": "2015-04-06T03:27:00+0000",
	"volume": "0"
},
{
	"name": "USDAFN errt",
	"price": "57.880001",
	"symbol": "AFNX",
	"ts": "1428290820",
	"utctime": "2015-04-06T03:27:00+0000",
	"volume": "0"
},
{
	"name": "USDDJF GERFFV",
	"price": "177.720001",
	"symbol": "DJFX",
	"ts": "1428290820",
	"utctime": "2015-04-06T03:27:00+0000",
	"volume": "0"
},
{
	"name": "USDSVC GFDG",
	"price": "8.745000",
	"symbol": "SVCX",
	"ts": "1428290820",
	"utctime": "2015-04-06T03:27:00+0000",
	"volume": "0"
},
{
	"name": "USDPLN GEWV GGG",
	"price": "3.699200",
	"symbol": "PLNX",
	"ts": "1428290896",
	"utctime": "2015-04-06T03:28:16+0000",
	"volume": "0"
},
{
	"name": "USDPYG VFVGGW",
	"price": "4839.720215",
	"symbol": "PYGX",
	"ts": "1428290820",
	"utctime": "2015-04-06T03:27:00+0000",
	"volume": "0"
},
{
	"name": "USDERNBRGWS",
	"price": "15.279000",
	"symbol": "ERNX",
	"ts": "1428290820",
	"utctime": "2015-04-06T03:27:00+0000",
	"volume": "0"
},
{
	"name": "USDETB GYDX",
	"price": "20.442499",
	"symbol": "ETBX",
	"ts": "1428290820",
	"utctime": "2015-04-06T03:27:00+0000",
	"volume": "0"
},
{
	"name": "USDILS FEW",
	"price": "3.923600",
	"symbol": "ILSX",
	"ts": "1428290820",
	"utctime": "2015-04-06T03:27:00+0000",
	"volume": "0"
},
{
	"name": "USDTWD GFDV",
	"price": "30.930000",
	"symbol": "TWDX",
	"ts": "1428290820",
	"utctime": "2015-04-06T03:27:00+0000",
	"volume": "0"
},
{
	"name": "USDKPW VFDV",
	"price": "900.000000",
	"symbol": "KPWX",
	"ts": "1428290820",
	"utctime": "2015-04-06T03:27:00+0000",
	"volume": "0"
},
{
	"name": "USDGIP GFGWE",
	"price": "0.670300",
	"symbol": "GIPX",
	"ts": "1428290820",
	"utctime": "2015-04-06T03:27:00+0000",
	"volume": "0"
},
{
	"name": "USDSIT GEGEA",
	"price": "218.221603",
	"symbol": "SITX",
	"ts": "1428290820",
	"utctime": "2015-04-06T03:27:00+0000",
	"volume": "0"
},
{
	"name": "USDBND GFVWLFK",
	"price": "1.353050",
	"symbol": "BNDX",
	"ts": "1428290820",
	"utctime": "2015-04-06T03:27:00+0000",
	"volume": "0"
},
{
	"name": "USDHNL OIUFIERHQ BBDX",
	"price": "21.350000",
	"symbol": "HNLX",
	"ts": "1428290820",
	"utctime": "2015-04-06T03:27:00+0000",
	"volume": "0"
},
{
	"name": "USDCZK FJKKDS",
	"price": "25.079000",
	"symbol": "CZKX",
	"ts": "1428290900",
	"utctime": "2015-04-06T03:28:20+0000",
	"volume": "0"
},
{
	"name": "USDHUF VHJGH",
	"price": "272.359985",
	"symbol": "HUFX",
	"ts": "1428290896",
	"utctime": "2015-04-06T03:28:16+0000",
	"volume": "0"
},
{
	"name": "USDBZD JJHJS",
	"price": "1.995000",
	"symbol": "BZDX",
	"ts": "1428290820",
	"utctime": "2015-04-06T03:27:00+0000",
	"volume": "0"
},
{
	"name": "USDDEM GERFFV",
	"price": "1.781050",
	"symbol": "DEMX",
	"ts": "1428290820",
	"utctime": "2015-04-06T03:27:00+0000",
	"volume": "0"
},
{
	"name": "USDJOD KKWHF",
	"price": "0.708150",
	"symbol": "JODX",
	"ts": "1428290820",
	"utctime": "2015-04-06T03:27:00+0000",
	"volume": "0"
},
{
	"name": "USDRWF VFVA",
	"price": "689.000000",
	"symbol": "RWFX",
	"ts": "1428290820",
	"utctime": "2015-04-06T03:27:00+0000",
	"volume": "0"
},
{
	"name": "USDLTL GWE",
	"price": "2.934000",
	"symbol": "LTLX",
	"ts": "1428290820",
	"utctime": "2015-04-06T03:27:00+0000",
	"volume": "0"
},
{
	"name": "USDRUB TVAD",
	"price": "57.089500",
	"symbol": "RUBX",
	"ts": "1428290820",
	"utctime": "2015-04-06T03:27:00+0000",
	"volume": "0"
},
{
	"name": "USDRSD GFVWLFK",
	"price": "109.379997",
	"symbol": "RSDX",
	"ts": "1428290820",
	"utctime": "2015-04-06T03:27:00+0000",
	"volume": "0"
},
{
	"name": "USDWST BBV",
	"price": "2.474551",
	"symbol": "WSTX",
	"ts": "1428290820",
	"utctime": "2015-04-06T03:27:00+0000",
	"volume": "0"
},
{
	"name": "PLATINUM 1 UZ 999",
	"price": "0.000867",
	"symbol": "XPTX",
	"ts": "1428011531",
	"utctime": "2015-04-02T21:52:11+0000",
	"volume": "129"
},
{
	"name": "USDPAB 555",
	"price": "1.000000",
	"symbol": "PABX",
	"ts": "1428290820",
	"utctime": "2015-04-06T03:27:00+0000",
	"volume": "0"
},
{
	"name": "USDNAD",
	"price": "11.775250",
	"symbol": "NADX",
	"ts": "1428290820",
	"utctime": "2015-04-06T03:27:00+0000",
	"volume": "0"
},
{
	"name": "USDDOP FSS 781050",
	"price": "44.674999",
	"symbol": "DOPX",
	"ts": "1428290820",
	"utctime": "2015-04-06T03:27:00+0000",
	"volume": "0"
},
{
	"name": "USDALL",
	"price": "127.824501",
	"symbol": "ALLX",
	"ts": "1428290820",
	"utctime": "2015-04-06T03:27:00+0000",
	"volume": "0"
},
{
	"name": "USDHTG JDFH 8976",
	"price": "47.313301",
	"symbol": "HTGX",
	"ts": "1428290820",
	"utctime": "2015-04-06T03:27:00+0000",
	"volume": "0"
},
{
	"name": "USDKMF GEGEA",
	"price": "447.996887",
	"symbol": "KMFX",
	"ts": "1428290820",
	"utctime": "2015-04-06T03:27:00+0000",
	"volume": "0"
},
{
	"name": "USDAMD",
	"price": "473.049988",
	"symbol": "AMDX",
	"ts": "1428290820",
	"utctime": "2015-04-06T03:27:00+0000",
	"volume": "0"
},
{
	"name": "USDMRO 908 HDGFG",
	"price": "315.000000",
	"symbol": "MROX",
	"ts": "1428290820",
	"utctime": "2015-04-06T03:27:00+0000",
	"volume": "0"
},
{
	"name": "USDHRK FNSH 686",
	"price": "6.942100",
	"symbol": "HRKX",
	"ts": "1428290820",
	"utctime": "2015-04-06T03:27:00+0000",
	"volume": "0"
},
{
	"name": "USDECS FJSDMHF 8975",
	"price": "25000.000000",
	"symbol": "ECSX",
	"ts": "1428290820",
	"utctime": "2015-04-06T03:27:00+0000",
	"volume": "0"
},
{
	"name": "USDKHR WJDFG",
	"price": "3942.199951",
	"symbol": "KHRX",
	"ts": "1428290820",
	"utctime": "2015-04-06T03:27:00+0000",
	"volume": "0"
},
{
	"name": "USDPHP FSDJFH 89374 HJFJ",
	"price": "44.384998",
	"symbol": "PHPX",
	"ts": "1428290820",
	"utctime": "2015-04-06T03:27:00+0000",
	"volume": "0"
},
{
	"name": "USDCYP",
	"price": "0.532950",
	"symbol": "CYPX",
	"ts": "1428290820",
	"utctime": "2015-04-06T03:27:00+0000",
	"volume": "0"
},
{
	"name": "USDKWD FH",
	"price": "0.300470",
	"symbol": "KWDX",
	"ts": "1428290820",
	"utctime": "2015-04-06T03:27:00+0000",
	"volume": "0"
},
{
	"name": "USDXCD",
	"price": "2.700000",
	"symbol": "XCDX",
	"ts": "1428290820",
	"utctime": "2015-04-06T03:27:00+0000",
	"volume": "0"
},
{
	"name": "COPPER HIGHGRADE",
	"price": "0.362319",
	"symbol": "XCPX",
	"ts": "1428289623",
	"utctime": "2015-04-06T03:07:03+0000",
	"volume": "175"
},
{
	"name": "USDCNH NCGH",
	"price": "6.197750",
	"symbol": "CNHX",
	"ts": "1428290840",
	"utctime": "2015-04-06T03:27:20+0000",
	"volume": "0"
},
{
	"name": "USDSDG KWFHFJS",
	"price": "5.975000",
	"symbol": "SDGX",
	"ts": "1428290820",
	"utctime": "2015-04-06T03:27:00+0000",
	"volume": "0"
},
{
	"name": "USDCLF NFMJK 878",
	"price": "0.024600",
	"symbol": "CLFX",
	"ts": "1428290820",
	"utctime": "2015-04-06T03:27:00+0000",
	"volume": "0"
},
{
	"name": "USDKZT",
	"price": "185.895004",
	"symbol": "KZTX",
	"ts": "1428290820",
	"utctime": "2015-04-06T03:27:00+0000",
	"volume": "0"
},
{
	"name": "USDTRY SDHKJ",
	"price": "2.567050",
	"symbol": "TRYX",
	"ts": "1428290891",
	"utctime": "2015-04-06T03:28:11+0000",
	"volume": "0"
},
{
	"name": "USDNZD",
	"price": "1.315946",
	"symbol": "NZDX",
	"ts": "1428290900",
	"utctime": "2015-04-06T03:28:20+0000",
	"volume": "0"
},
{
	"name": "USDFJD 747",
	"price": "2.061950",
	"symbol": "FJDX",
	"ts": "1428290820",
	"utctime": "2015-04-06T03:27:00+0000",
	"volume": "0"
},
{
	"name": "USDBAM NDDN 741150",
	"price": "1.781050",
	"symbol": "BAMX",
	"ts": "1428290820",
	"utctime": "2015-04-06T03:27:00+0000",
	"volume": "0"
},
{
	"name": "USDBTN",
	"price": "62.581249",
	"symbol": "BTNX",
	"ts": "1428290820",
	"utctime": "2015-04-06T03:27:00+0000",
	"volume": "0"
},
{
	"name": "USDSTD NMXBNCSH 28486",
	"price": "22292.500000",
	"symbol": "STDX",
	"ts": "1428290820",
	"utctime": "2015-04-06T03:27:00+0000",
	"volume": "0"
},
{
	"name": "USDVUV NFDS 574",
	"price": "108.364998",
	"symbol": "VUVX",
	"ts": "1428290820",
	"utctime": "2015-04-06T03:27:00+0000",
	"volume": "0"
},
{
	"name": "USDMVR SHHS",
	"price": "15.340000",
	"symbol": "MVRX",
	"ts": "1428290820",
	"utctime": "2015-04-06T03:27:00+0000",
	"volume": "0"
},
{
	"name": "USDAOA",
	"price": "108.250000",
	"symbol": "AOAX",
	"ts": "1428290820",
	"utctime": "2015-04-06T03:27:00+0000",
	"volume": "0"
},
{
	"name": "USDEGP NSDBB",
	"price": "7.630000",
	"symbol": "EGPX",
	"ts": "1428290820",
	"utctime": "2015-04-06T03:27:00+0000",
	"volume": "0"
},
{
	"name": "USDQAR FSDNBF 78673",
	"price": "3.639950",
	"symbol": "QARX",
	"ts": "1428290820",
	"utctime": "2015-04-06T03:27:00+0000",
	"volume": "0"
},
{
	"name": "USDOMR FNSDNB",
	"price": "0.385000",
	"symbol": "OMRX",
	"ts": "1428290820",
	"utctime": "2015-04-06T03:27:00+0000",
	"volume": "0"
},
{
	"name": "USDCVE",
	"price": "100.379997",
	"symbol": "CVEX",
	"ts": "1428290820",
	"utctime": "2015-04-06T03:27:00+0000",
	"volume": "0"
},
{
	"name": "USDKG FNDJ",
	"price": "63.888901",
	"symbol": "KGSX",
	"ts": "1428290820",
	"utctime": "2015-04-06T03:27:00+0000",
	"volume": "0"
},
{
	"name": "USDMXN VFNKJDFH899",
	"price": "14.822600",
	"symbol": "MXNX",
	"ts": "1428290900",
	"utctime": "2015-04-06T03:28:20+0000",
	"volume": "0"
},
{
	"name": "USDMYR",
	"price": "3.639000",
	"symbol": "MYRX",
	"ts": "1428290820",
	"utctime": "2015-04-06T03:27:00+0000",
	"volume": "0"
},
{
	"name": "USDGYD FJKHF 630000",
	"price": "207.210007",
	"symbol": "GYDX",
	"ts": "1428290820",
	"utctime": "2015-04-06T03:27:00+0000",
	"volume": "0"
},
{
	"name": "USDSZL",
	"price": "11.775250",
	"symbol": "SZLX",
	"ts": "1428290820",
	"utctime": "2015-04-06T03:27:00+0000",
	"volume": "0"
},
{
	"name": "USDYER ASDBD 76",
	"price": "215.059998",
	"symbol": "YERX",
	"ts": "1428290820",
	"utctime": "2015-04-06T03:27:00+0000",
	"volume": "0"
},
{
	"name": "USDSAR",
	"price": "3.750950",
	"symbol": "SARX",
	"ts": "1428290820",
	"utctime": "2015-04-06T03:27:00+0000",
	"volume": "0"
},
{
	"name": "USDUYU",
	"price": "25.695000",
	"symbol": "UYUX",
	"ts": "1428290820",
	"utctime": "2015-04-06T03:27:00+0000",
	"volume": "0"
},
{
	"name": "USDGBP FGGSD",
	"price": "0.670223",
	"symbol": "GBPX",
	"ts": "1428290890",
	"utctime": "2015-04-06T03:28:10+0000",
	"volume": "0"
},
{
	"name": "USDUZS BJYU",
	"price": "2490.199951",
	"symbol": "UZSX",
	"ts": "1428290820",
	"utctime": "2015-04-06T03:27:00+0000",
	"volume": "0"
},
{
	"name": "USDGMD",
	"price": "42.930000",
	"symbol": "GMDX",
	"ts": "1428290820",
	"utctime": "2015-04-06T03:27:00+0000",
	"volume": "0"
},
{
	"name": "USDAWG HHG 6YYYT",
	"price": "1.790000",
	"symbol": "AWGX",
	"ts": "1428290820",
	"utctime": "2015-04-06T03:27:00+0000",
	"volume": "0"
},
{
	"name": "USDMNT",
	"price": "1983.000000",
	"symbol": "MNTX",
	"ts": "1428290820",
	"utctime": "2015-04-06T03:27:00+0000",
	"volume": "0"
},
{
	"name": "GOLD1OZ",
	"price": "0.000822",
	"symbol": "XAUX",
	"ts": "1428290874",
	"utctime": "2015-04-06T03:27:54+0000",
	"volume": "0"
},
{
	"name": "USDHKD HJHGGF",
	"price": "7.752400",
	"symbol": "HKDX",
	"ts": "1428290900",
	"utctime": "2015-04-06T03:28:20+0000",
	"volume": "0"
},
{
	"name": "USDARS",
	"price": "8.762050",
	"symbol": "ARSX",
	"ts": "1428290820",
	"utctime": "2015-04-06T03:27:00+0000",
	"volume": "0"
},
{
	"name": "USDKRW TRYE",
	"price": "1085.800049",
	"symbol": "KRWX",
	"ts": "1428290890",
	"utctime": "2015-04-06T03:28:10+0000",
	"volume": "0"
},
{
	"name": "SILVER 1 OZ",
	"price": "0.059930",
	"symbol": "XAGX",
	"ts": "1428011531",
	"utctime": "2015-04-02T21:52:11+0000",
	"volume": "100"
},
{
	"name": "USDVND FHDH",
	"price": "21595.000000",
	"symbol": "VNDX",
	"ts": "1428290820",
	"utctime": "2015-04-06T03:27:00+0000",
	"volume": "0"
},
{
	"name": "USDBOB FJJ",
	"price": "6.910000",
	"symbol": "BOBX",
	"ts": "1428290820",
	"utctime": "2015-04-06T03:27:00+0000",
	"volume": "0"
},
{
	"name": "USDMOP NEJQ",
	"price": "7.985000",
	"symbol": "MOPX",
	"ts": "1428290820",
	"utctime": "2015-04-06T03:27:00+0000",
	"volume": "0"
},
{
	"name": "USDBDT FJA",
	"price": "76.585953",
	"symbol": "BDTX",
	"ts": "1428290820",
	"utctime": "2015-04-06T03:27:00+0000",
	"volume": "0"
},
{
	"name": "USDMDL FJKSJ",
	"price": "17.400000",
	"symbol": "MDLX",
	"ts": "1428290820",
	"utctime": "2015-04-06T03:27:00+0000",
	"volume": "0"
},
{
	"name": "USDVEF FQdwe",
	"price": "6.350000",
	"symbol": "VEFX",
	"ts": "1428290820",
	"utctime": "2015-04-06T03:27:00+0000",
	"volume": "0"
},
{
	"name": "USDGEL",
	"price": "2.256400",
	"symbol": "GELXVFFFEG",
	"ts": "1428290820",
	"utctime": "2015-04-06T03:27:00+0000",
	"volume": "0"
},
{
	"name": "USDISK",
	"price": "134.095001",
	"symbol": "ISKXCSJK",
	"ts": "1428290820",
	"utctime": "2015-04-06T03:27:00+0000",
	"volume": "0"
},
{
	"name": "USDBYRFNJDH",
	"price": "14600.000000",
	"symbol": "BYRX",
	"ts": "1428290820",
	"utctime": "2015-04-06T03:27:00+0000",
	"volume": "0"
},
{
	"name": "USDTHBER",
	"price": "32.169498",
	"symbol": "THBX",
	"ts": "1428290880",
	"utctime": "2015-04-06T03:28:00+0000",
	"volume": "0"
},
{
	"name": "USDMXVVFEF ",
	"price": "2.810000",
	"symbol": "MXVX",
	"ts": "1428290820",
	"utctime": "2015-04-06T03:27:00+0000",
	"volume": "0"
},
{
	"name": "USDTND",
	"price": "1.944150",
	"symbol": "TNDX FJF",
	"ts": "1428290820",
	"utctime": "2015-04-06T03:27:00+0000",
	"volume": "0"
},
{
	"name": "USDJMD",
	"price": "114.705002",
	"symbol": "JMDXFERV",
	"ts": "1428290820",
	"utctime": "2015-04-06T03:27:00+0000",
	"volume": "0"
},
{
	"name": "USDDKK",
	"price": "6.806300",
	"symbol": "DKKXVGE",
	"ts": "1428290900",
	"utctime": "2015-04-06T03:28:20+0000",
	"volume": "0"
},
{
	"name": "USDSRD",
	"price": "3.300000",
	"symbol": "SRDXRRE",
	"ts": "1428290820",
	"utctime": "2015-04-06T03:27:00+0000",
	"volume": "0"
},
{
	"name": "USDBWP MIN",
	"price": "9.741150",
	"symbol": "BWPXFGE",
	"ts": "1428290820",
	"utctime": "2015-04-06T03:27:00+0000",
	"volume": "0"
},
{
	"name": "USDNJHOKF",
	"price": "7.929400",
	"symbol": "NOKX",
	"ts": "1428290900",
	"utctime": "2015-04-06T03:28:20+0000",
	"volume": "0"
},
{
	"name": "USDMURLKJK",
	"price": "36.400002",
	"symbol": "MURX",
	"ts": "1428290820",
	"utctime": "2015-04-06T03:27:00+0000",
	"volume": "0"
},
{
	"name": "USDAZN JKJH",
	"price": "1.046250",
	"symbol": "AZNX",
	"ts": "1428290820",
	"utctime": "2015-04-06T03:27:00+0000",
	"volume": "0"
},
{
	"name": "USDINR JHJU",
	"price": "62.064999",
	"symbol": "INRX",
	"ts": "1428290840",
	"utctime": "2015-04-06T03:27:20+0000",
	"volume": "0"
},
{
	"name": "USDMGA JHH",
	"price": "3009.649902",
	"symbol": "MGAX",
	"ts": "1428290820",
	"utctime": "2015-04-06T03:27:00+0000",
	"volume": "0"
},
{
	"name": "USDCAD NJK",
	"price": "1.247655",
	"symbol": "CADX",
	"ts": "1428290900",
	"utctime": "2015-04-06T03:28:20+0000",
	"volume": "0"
},
{
	"name": "USDXAF JKG",
	"price": "597.329163",
	"symbol": "XAFX",
	"ts": "1428290820",
	"utctime": "2015-04-06T03:27:00+0000",
	"volume": "0"
},
{
	"name": "USDLBP JMDX",
	"price": "1512.000000",
	"symbol": "LBPX",
	"ts": "1428290820",
	"utctime": "2015-04-06T03:27:00+0000",
	"volume": "0"
},
{
	"name": "USDXDR HJJGGH",
	"price": "0.718550",
	"symbol": "XDRX",
	"ts": "1428290820",
	"utctime": "2015-04-06T03:27:00+0000",
	"volume": "0"
},
{
	"name": "USDIDR BHHG",
	"price": "12937.500000",
	"symbol": "IDRX",
	"ts": "1428290820",
	"utctime": "2015-04-06T03:27:00+0000",
	"volume": "0"
},
{
	"name": "USDIEP BHHJ",
	"price": "0.717154",
	"symbol": "IEPX",
	"ts": "1428290820",
	"utctime": "2015-04-06T03:27:00+0000",
	"volume": "0"
},
{
	"name": "USDAUD HJHGH",
	"price": "1.312422",
	"symbol": "AUDX",
	"ts": "1428290900",
	"utctime": "2015-04-06T03:28:20+0000",
	"volume": "0"
},
{
	"name": "USDMMK HHGGV",
	"price": "1028.500000",
	"symbol": "MMKX",
	"ts": "1428290820",
	"utctime": "2015-04-06T03:27:00+0000",
	"volume": "0"
},
{
	"name": "USDLYD BHHGG",
	"price": "1.347650",
	"symbol": "LYDX",
	"ts": "1428290820",
	"utctime": "2015-04-06T03:27:00+0000",
	"volume": "0"
},
{
	"name": "USDZAR BHJHJVV",
	"price": "11.782650",
	"symbol": "ZARX",
	"ts": "1428290900",
	"utctime": "2015-04-06T03:28:20+0000",
	"volume": "0"
},
{
	"name": "USDIQD HHGHF",
	"price": "1145.799927",
	"symbol": "IQDX",
	"ts": "1428290820",
	"utctime": "2015-04-06T03:27:00+0000",
	"volume": "0"
},
{
	"name": "USDXPF HJGEF",
	"price": "108.666153",
	"symbol": "XPFX",
	"ts": "1428290820",
	"utctime": "2015-04-06T03:27:00+0000",
	"volume": "0"
},
{
	"name": "USDTJS BHHJ",
	"price": "5.967100",
	"symbol": "TJSX",
	"ts": "1428290820",
	"utctime": "2015-04-06T03:27:00+0000",
	"volume": "0"
},
{
	"name": "USDCUP HHHG",
	"price": "1.000000",
	"symbol": "CUPX",
	"ts": "1428290820",
	"utctime": "2015-04-06T03:27:00+0000",
	"volume": "0"
},
{
	"name": "USDUGX Omega",
	"price": "3000.000000",
	"symbol": "UGXX",
	"ts": "1428290820",
	"utctime": "2015-04-06T03:27:00+0000",
	"volume": "0"
},
{
	"name": "USDNGN HJGEF",
	"price": "199.050003",
	"symbol": "NGNX",
	"ts": "1428290820",
	"utctime": "2015-04-06T03:27:00+0000",
	"volume": "0"
},
{
	"name": "USDPGK UUHFD",
	"price": "2.678450",
	"symbol": "PGKX",
	"ts": "1428290820",
	"utctime": "2015-04-06T03:27:00+0000",
	"volume": "0"
},
{
	"name": "USDTOP OIHG",
	"price": "1.986080",
	"symbol": "TOPX",
	"ts": "1428290820",
	"utctime": "2015-04-06T03:27:00+0000",
	"volume": "0"
},
{
	"name": "USDKES JKGFF",
	"price": "91.433998",
	"symbol": "KESX",
	"ts": "1428290820",
	"utctime": "2015-04-06T03:27:00+0000",
	"volume": "0"
},
{
	"name": "USDTMT HGGFC",
	"price": "3.500000",
	"symbol": "TMTX",
	"ts": "1428290820",
	"utctime": "2015-04-06T03:27:00+0000",
	"volume": "0"
},
{
	"name": "USDCRC BHHGXF",
	"price": "532.830017",
	"symbol": "CRCX",
	"ts": "1428290820",
	"utctime": "2015-04-06T03:27:00+0000",
	"volume": "0"
},
{
	"name": "USDMZN ILIH",
	"price": "36.500000",
	"symbol": "MZNX",
	"ts": "1428290820",
	"utctime": "2015-04-06T03:27:00+0000",
	"volume": "0"
},
{
	"name": "USDSYP IHG JGHG",
	"price": "188.929001",
	"symbol": "SYPX",
	"ts": "1428290820",
	"utctime": "2015-04-06T03:27:00+0000",
	"volume": "0"
},
{
	"name": "USDANG BHJJHG 556",
	"price": "1.790000",
	"symbol": "ANGX",
	"ts": "1428290820",
	"utctime": "2015-04-06T03:27:00+0000",
	"volume": "0"
},
{
	"name": "USDZMW KJGHHFG JHG",
	"price": "7.590000",
	"symbol": "ZMWX",
	"ts": "1428290820",
	"utctime": "2015-04-06T03:27:00+0000",
	"volume": "0"
},
{
	"name": "USDBRL IIUG",
	"price": "3.104200",
	"symbol": "BRLX",
	"ts": "1428290820",
	"utctime": "2015-04-06T03:27:00+0000",
	"volume": "0"
},
{
	"name": "USDBSD IUYG",
	"price": "1.000000",
	"symbol": "BSDX",
	"ts": "1428290820",
	"utctime": "2015-04-06T03:27:00+0000",
	"volume": "0"
},
{
	"name": "USDNIO HFBNHJJ",
	"price": "26.941900",
	"symbol": "NIOX",
	"ts": "1428290820",
	"utctime": "2015-04-06T03:27:00+0000",
	"volume": "0"
},
{
	"name": "USDGNF GHDFV",
	"price": "7250.000000",
	"symbol": "GNFX",
	"ts": "1428290820",
	"utctime": "2015-04-06T03:27:00+0000",
	"volume": "0"
},
{
	"name": "USDBMD VBHGVC",
	"price": "1.000000",
	"symbol": "BMDX",
	"ts": "1428290820",
	"utctime": "2015-04-06T03:27:00+0000",
	"volume": "0"
},
{
	"name": "USDSLL HJGHFG",
	"price": "4345.000000",
	"symbol": "SLLX",
	"ts": "1428290820",
	"utctime": "2015-04-06T03:27:00+0000",
	"volume": "0"
},
{
	"name": "USDMKD JKHGG",
	"price": "56.115002",
	"symbol": "MKDX",
	"ts": "1428290820",
	"utctime": "2015-04-06T03:27:00+0000",
	"volume": "0"
},
{
	"name": "USDBIF GHGCCC",
	"price": "1570.000000",
	"symbol": "BIFX",
	"ts": "1428290820",
	"utctime": "2015-04-06T03:27:00+0000",
	"volume": "0"
},
{
	"name": "USDLAK GHFDFC HHGC",
	"price": "7988.299805",
	"symbol": "LAKX",
	"ts": "1428290820",
	"utctime": "2015-04-06T03:27:00+0000",
	"volume": "0"
},
{
	"name": "USDBHD HJF 9877",
	"price": "0.373600",
	"symbol": "BHDX",
	"ts": "1428290820",
	"utctime": "2015-04-06T03:27:00+0000",
	"volume": "0"
},
{
	"name": "USDSHP HVB 988",
	"price": "0.670300",
	"symbol": "SHPX",
	"ts": "1428290820",
	"utctime": "2015-04-06T03:27:00+0000",
	"volume": "0"
},
{
	"name": "USDBGN",
	"price": "1.781300",
	"symbol": "BGNX",
	"ts": "1428290860",
	"utctime": "2015-04-06T03:27:40+0000",
	"volume": "0"
},
{
	"name": "USDSGD JFHF 998 MMJ",
	"price": "1.352700",
	"symbol": "SGDX",
	"ts": "1428290900",
	"utctime": "2015-04-06T03:28:20+0000",
	"volume": "0"
},
{
	"name": "USDCNY",
	"price": "6.143250",
	"symbol": "CNYX",
	"ts": "1428290840",
	"utctime": "2015-04-06T03:27:20+0000",
	"volume": "0"
},
{
	"name": "USDEUR OIUFIERHQ",
	"price": "0.910722",
	"symbol": "EURX",
	"ts": "1428290900",
	"utctime": "2015-04-06T03:28:20+0000",
	"volume": "0"
},
{
	"name": "USDTTD JKHJG UAHX",
	"price": "6.371000",
	"symbol": "TTDX",
	"ts": "1428290820",
	"utctime": "2015-04-06T03:27:00+0000",
	"volume": "0"
},
{
	"name": "USDSCR",
	"price": "13.329950",
	"symbol": "SCRX",
	"ts": "1428290820",
	"utctime": "2015-04-06T03:27:00+0000",
	"volume": "0"
},
{
	"name": "USDBBD HHG 985000",
	"price": "2.000000",
	"symbol": "BBDX",
	"ts": "1428290820",
	"utctime": "2015-04-06T03:27:00+0000",
	"volume": "0"
},
{
	"name": "USDSBD",
	"price": "7.783162",
	"symbol": "SBDX",
	"ts": "1428290820",
	"utctime": "2015-04-06T03:27:00+0000",
	"volume": "0"
},
{
	"name": "USDMAD UDS",
	"price": "9.757000",
	"symbol": "MADX",
	"ts": "1428290820",
	"utctime": "2015-04-06T03:27:00+0000",
	"volume": "0"
},
{
	"name": "USDGTQ JUHV",
	"price": "7.641500",
	"symbol": "GTQX",
	"ts": "1428290820",
	"utctime": "2015-04-06T03:27:00+0000",
	"volume": "0"
},
{
	"name": "USDMWK HJGHC",
	"price": "435.575012",
	"symbol": "MWKX",
	"ts": "1428290820",
	"utctime": "2015-04-06T03:27:00+0000",
	"volume": "0"
},
{
	"name": "USDPKR BH 094500",
	"price": "101.834999",
	"symbol": "PKRX",
	"ts": "1428290820",
	"utctime": "2015-04-06T03:27:00+0000",
	"volume": "0"
},
{
	"name": "USDITL JHG 888901",
	"price": "1763.210815",
	"symbol": "ITLX",
	"ts": "1428290820",
	"utctime": "2015-04-06T03:27:00+0000",
	"volume": "0"
},
{
	"name": "USDPEN HH 876",
	"price": "3.094500",
	"symbol": "PENX",
	"ts": "1428290820",
	"utctime": "2015-04-06T03:27:00+0000",
	"volume": "0"
},
{
	"name": "USDAED HG 880001",
	"price": "3.673150",
	"symbol": "AEDX",
	"ts": "1428290820",
	"utctime": "2015-04-06T03:27:00+0000",
	"volume": "0"
},
{
	"name": "USDLVL NHH",
	"price": "0.640000",
	"symbol": "LVLX",
	"ts": "1428290820",
	"utctime": "2015-04-06T03:27:00+0000",
	"volume": "0"
},
{
	"name": "PALLADIUM 1 OZ",
	"price": "0.001340",
	"symbol": "XPDX",
	"ts": "1428011531",
	"utctime": "2015-04-02T21:52:11+0000",
	"volume": "0"
},
{
	"name": "USDUAH PLATINUM",
	"price": "23.392950",
	"symbol": "UAHX",
	"ts": "1428290820",
	"utctime": "2015-04-06T03:27:00+0000",
	"volume": "0"
},
{
	"name": "USDLRD HJGCCH",
	"price": "84.660004",
	"symbol": "LRDX",
	"ts": "1428290820",
	"utctime": "2015-04-06T03:27:00+0000",
	"volume": "0"
},
{
	"name": "USDFRF JHGFG 098",
	"price": "5.973300",
	"symbol": "FRFX",
	"ts": "1428290820",
	"utctime": "2015-04-06T03:27:00+0000",
	"volume": "0"
},
{
	"name": "USDLSL HJFF 0987",
	"price": "11.775250",
	"symbol": "LSLX",
	"ts": "1428290820",
	"utctime": "2015-04-06T03:27:00+0000",
	"volume": "0"
},
{
	"name": "USDSEK GHGV",
	"price": "8.547150",
	"symbol": "SEKX",
	"ts": "1428290900",
	"utctime": "2015-04-06T03:28:20+0000",
	"volume": "0"
},
{
	"name": "USDRON",
	"price": "4.027000",
	"symbol": "RONX",
	"ts": "1428290820",
	"utctime": "2015-04-06T03:27:00+0000",
	"volume": "0"
},
{
	"name": "USDXOF HJFF 087",
	"price": "597.329163",
	"symbol": "XOFX",
	"ts": "1428290820",
	"utctime": "2015-04-06T03:27:00+0000",
	"volume": "0"
},
{
	"name": "USDCOP HJGCHG 0987",
	"price": "2533.800049",
	"symbol": "COPX",
	"ts": "1428290820",
	"utctime": "2015-04-06T03:27:00+0000",
	"volume": "0"
},
{
	"name": "USDCDF",
	"price": "925.000000",
	"symbol": "CDFX",
	"ts": "1428290820",
	"utctime": "2015-04-06T03:27:00+0000",
	"volume": "0"
},
{
	"name": "USDUSD HTGTET",
	"price": "1.000000",
	"symbol": "USDX",
	"ts": "1428290820",
	"utctime": "2015-04-06T03:27:00+0000",
	"volume": "0"
},
{
	"name": "USDTZS",
	"price": "1825.900024",
	"symbol": "TZSX JKDAAHG",
	"ts": "1428290820",
	"utctime": "2015-04-06T03:27:00+0000",
	"volume": "0"
},
{
	"name": "USDNPR",
	"price": "100.129997",
	"symbol": "NPRX",
	"ts": "1428290820",
	"utctime": "2015-04-06T03:27:00+0000",
	"volume": "0"
},
{
	"name": "USDGHS DHSHG 9877",
	"price": "3.835000",
	"symbol": "GHSX",
	"ts": "1428290820",
	"utctime": "2015-04-06T03:27:00+0000",
	"volume": "0"
},
{
	"name": "USDZWL",
	"price": "322.355011",
	"symbol": "ZWLX JHCHS",
	"ts": "1428290820",
	"utctime": "2015-04-06T03:27:00+0000",
	"volume": "0"
},
{
	"name": "USDSOS",
	"price": "698.349976",
	"symbol": "SOSX HJXHJ",
	"ts": "1428290820",
	"utctime": "2015-04-06T03:27:00+0000",
	"volume": "0"
},
{
	"name": "USDDZD",
	"price": "96.300003",
	"symbol": "DZDX BHDHG",
	"ts": "1428290820",
	"utctime": "2015-04-06T03:27:00+0000",
	"volume": "0"
},
{
	"name": "USDLKR",
	"price": "130.910004",
	"symbol": "LKRX HSDB",
	"ts": "1428290820",
	"utctime": "2015-04-06T03:27:00+0000",
	"volume": "0"
},
{
	"name": "USDFKP",
	"price": "0.647000",
	"symbol": "FKPX CBHS",
	"ts": "1428290820",
	"utctime": "2015-04-06T03:27:00+0000",
	"volume": "0"
},
{
	"name": "USDJPY",
	"price": "119.082497",
	"symbol": "JPYX",
	"ts": "1428290860",
	"utctime": "2015-04-06T03:27:40+0000",
	"volume": "0"
},
{
	"name": "USDCHF CDH",
	"price": "0.952700",
	"symbol": "CHFX",
	"ts": "1428290900",
	"utctime": "2015-04-06T03:28:20+0000",
	"volume": "0"
},
{
	"name": "USDKYD",
	"price": "0.820000",
	"symbol": "KYDX",
	"ts": "1428290820",
	"utctime": "2015-04-06T03:27:00+0000",
	"volume": "0"
},
{
	"name": "USDCLP BHJSDG",
	"price": "615.395020",
	"symbol": "CLPX",
	"ts": "1428290820",
	"utctime": "2015-04-06T03:27:00+0000",
	"volume": "0"
},
{
	"name": "USDIRR NYC",
	"price": "28084.000000",
	"symbol": "IRRX",
	"ts": "1428290820",
	"utctime": "2015-04-06T03:27:00+0000",
	"volume": "0"
},
{
	"name": "USDAFN",
	"price": "57.880001",
	"symbol": "AFNX",
	"ts": "1428290820",
	"utctime": "2015-04-06T03:27:00+0000",
	"volume": "0"
},
{
	"name": "USDDJF",
	"price": "177.720001",
	"symbol": "DJFX BHDHD",
	"ts": "1428290820",
	"utctime": "2015-04-06T03:27:00+0000",
	"volume": "0"
},
{
	"name": "USDSVC",
	"price": "8.745000",
	"symbol": "SVCX VHKS",
	"ts": "1428290820",
	"utctime": "2015-04-06T03:27:00+0000",
	"volume": "0"
},
{
	"name": "USDPLN",
	"price": "3.699200",
	"symbol": "PLNX JKSFJ",
	"ts": "1428290896",
	"utctime": "2015-04-06T03:28:16+0000",
	"volume": "0"
},
{
	"name": "USDPYG",
	"price": "4839.720215",
	"symbol": "PYGX JKHS",
	"ts": "1428290820",
	"utctime": "2015-04-06T03:27:00+0000",
	"volume": "0"
},
{
	"name": "USDERN",
	"price": "15.279000",
	"symbol": "ERNX",
	"ts": "1428290820",
	"utctime": "2015-04-06T03:27:00+0000",
	"volume": "0"
},
{
	"name": "USDETB JSKDJ",
	"price": "20.442499",
	"symbol": "ETBX",
	"ts": "1428290820",
	"utctime": "2015-04-06T03:27:00+0000",
	"volume": "0"
},
{
	"name": "USDILS JBFJD",
	"price": "3.923600",
	"symbol": "ILSX",
	"ts": "1428290820",
	"utctime": "2015-04-06T03:27:00+0000",
	"volume": "0"
},
{
	"name": "USDTWD",
	"price": "30.930000",
	"symbol": "TWDX",
	"ts": "1428290820",
	"utctime": "2015-04-06T03:27:00+0000",
	"volume": "0"
},
{
	"name": "USDKPW",
	"price": "900.000000",
	"symbol": "KPWX NJKS",
	"ts": "1428290820",
	"utctime": "2015-04-06T03:27:00+0000",
	"volume": "0"
},
{
	"name": "USDGIP",
	"price": "0.670300",
	"symbol": "GIPX BJSC",
	"ts": "1428290820",
	"utctime": "2015-04-06T03:27:00+0000",
	"volume": "0"
},
{
	"name": "USDSIT",
	"price": "218.221603",
	"symbol": "SITX",
	"ts": "1428290820",
	"utctime": "2015-04-06T03:27:00+0000",
	"volume": "0"
},
{
	"name": "USDBND HBJSDH",
	"price": "1.353050",
	"symbol": "BNDX",
	"ts": "1428290820",
	"utctime": "2015-04-06T03:27:00+0000",
	"volume": "0"
},
{
	"name": "USDHNL",
	"price": "21.350000",
	"symbol": "HNLX FSJD",
	"ts": "1428290820",
	"utctime": "2015-04-06T03:27:00+0000",
	"volume": "0"
},
{
	"name": "USDCZK",
	"price": "25.079000",
	"symbol": "CZKX VBHH",
	"ts": "1428290900",
	"utctime": "2015-04-06T03:28:20+0000",
	"volume": "0"
},
{
	"name": "USDHUF",
	"price": "272.359985",
	"symbol": "HUFX",
	"ts": "1428290896",
	"utctime": "2015-04-06T03:28:16+0000",
	"volume": "0"
},
{
	"name": "USDBZD",
	"price": "1.995000",
	"symbol": "BZDX",
	"ts": "1428290820",
	"utctime": "2015-04-06T03:27:00+0000",
	"volume": "0"
},
{
	"name": "USDDEM NCGH",
	"price": "1.781050",
	"symbol": "DEMX",
	"ts": "1428290820",
	"utctime": "2015-04-06T03:27:00+0000",
	"volume": "0"
},
{
	"name": "USDJOD",
	"price": "0.708150",
	"symbol": "JODX",
	"ts": "1428290820",
	"utctime": "2015-04-06T03:27:00+0000",
	"volume": "0"
},
{
	"name": "USDRWF",
	"price": "689.000000",
	"symbol": "RWFX",
	"ts": "1428290820",
	"utctime": "2015-04-06T03:27:00+0000",
	"volume": "0"
},
{
	"name": "USDLTL",
	"price": "2.934000",
	"symbol": "LTLX",
	"ts": "1428290820",
	"utctime": "2015-04-06T03:27:00+0000",
	"volume": "0"
},
{
	"name": "USDRUB",
	"price": "57.089500",
	"symbol": "RUBX",
	"ts": "1428290820",
	"utctime": "2015-04-06T03:27:00+0000",
	"volume": "0"
},
{
	"name": "USDRSD",
	"price": "109.379997",
	"symbol": "RSDX",
	"ts": "1428290820",
	"utctime": "2015-04-06T03:27:00+0000",
	"volume": "0"
},
{
	"name": "USDWST",
	"price": "2.474551",
	"symbol": "HYGWSTX",
	"ts": "1428290820",
	"utctime": "2015-04-06T03:27:00+0000",
	"volume": "0"
},
{
	"name": "PLATINUM 1 UZ 999",
	"price": "0.000867",
	"symbol": "XJKKFFHPTX",
	"ts": "1428011531",
	"utctime": "2015-04-02T21:52:11+0000",
	"volume": "129"
},
{
	"name": "USDPAB",
	"price": "1.000000",
	"symbol": "PABX",
	"ts": "1428290820",
	"utctime": "2015-04-06T03:27:00+0000",
	"volume": "0"
},
{
	"name": "USDNAD",
	"price": "11.775250",
	"symbol": "NADX",
	"ts": "1428290820",
	"utctime": "2015-04-06T03:27:00+0000",
	"volume": "0"
},
{
	"name": "USDDOP",
	"price": "44.674999",
	"symbol": "DOPX",
	"ts": "1428290820",
	"utctime": "2015-04-06T03:27:00+0000",
	"volume": "0"
},
{
	"name": "USDALL",
	"price": "127.824501",
	"symbol": "ALLX",
	"ts": "1428290820",
	"utctime": "2015-04-06T03:27:00+0000",
	"volume": "0"
},
{
	"name": "USDHTG",
	"price": "47.313301",
	"symbol": "HTGX",
	"ts": "1428290820",
	"utctime": "2015-04-06T03:27:00+0000",
	"volume": "0"
},
{
	"name": "USDJKFJHKMF",
	"price": "447.996887",
	"symbol": "KMFX",
	"ts": "1428290820",
	"utctime": "2015-04-06T03:27:00+0000",
	"volume": "0"
},
{
	"name": "USDAMD",
	"price": "473.049988",
	"symbol": "AMDX",
	"ts": "1428290820",
	"utctime": "2015-04-06T03:27:00+0000",
	"volume": "0"
},
{
	"name": "USDMRO",
	"price": "315.000000",
	"symbol": "MROX",
	"ts": "1428290820",
	"utctime": "2015-04-06T03:27:00+0000",
	"volume": "0"
},
{
	"name": "USDHRURRYK",
	"price": "6.942100",
	"symbol": "HRKX",
	"ts": "1428290820",
	"utctime": "2015-04-06T03:27:00+0000",
	"volume": "0"
},
{
	"name": "USDECS",
	"price": "25000.000000",
	"symbol": "ECSX",
	"ts": "1428290820",
	"utctime": "2015-04-06T03:27:00+0000",
	"volume": "0"
},
{
	"name": "USDKHR",
	"price": "3942.199951",
	"symbol": "KHRX",
	"ts": "1428290820",
	"utctime": "2015-04-06T03:27:00+0000",
	"volume": "0"
},
{
	"name": "USDPHP",
	"price": "44.384998",
	"symbol": "PHPX",
	"ts": "1428290820",
	"utctime": "2015-04-06T03:27:00+0000",
	"volume": "0"
},
{
	"name": "USDCYP",
	"price": "0.532950",
	"symbol": "CYPX",
	"ts": "1428290820",
	"utctime": "2015-04-06T03:27:00+0000",
	"volume": "0"
},
{
	"name": "USDKWD",
	"price": "0.300470",
	"symbol": "KWDX",
	"ts": "1428290820",
	"utctime": "2015-04-06T03:27:00+0000",
	"volume": "0"
},
{
	"name": "USDXCJHGFDFHDD",
	"price": "2.700000",
	"symbol": "XCDX",
	"ts": "1428290820",
	"utctime": "2015-04-06T03:27:00+0000",
	"volume": "0"
},
{
	"name": "COPPER HIGHGRADE",
	"price": "0.362319",
	"symbol": "XCPX",
	"ts": "1428289623",
	"utctime": "2015-04-06T03:07:03+0000",
	"volume": "175"
},
{
	"name": "USDCNH",
	"price": "6.197750",
	"symbol": "CNHX",
	"ts": "1428290840",
	"utctime": "2015-04-06T03:27:20+0000",
	"volume": "0"
},
{
	"name": "USDSDG",
	"price": "5.975000",
	"symbol": "SDGX",
	"ts": "1428290820",
	"utctime": "2015-04-06T03:27:00+0000",
	"volume": "0"
},
{
	"name": "USDCLF",
	"price": "0.024600",
	"symbol": "CLFX",
	"ts": "1428290820",
	"utctime": "2015-04-06T03:27:00+0000",
	"volume": "0"
},
{
	"name": "USDKZT",
	"price": "185.895004",
	"symbol": "KZTX",
	"ts": "1428290820",
	"utctime": "2015-04-06T03:27:00+0000",
	"volume": "0"
},
{
	"name": "USDTRY",
	"price": "2.567050",
	"symbol": "TRYX",
	"ts": "1428290891",
	"utctime": "2015-04-06T03:28:11+0000",
	"volume": "0"
},
{
	"name": "USDNZD",
	"price": "1.315946",
	"symbol": "NZDX",
	"ts": "1428290900",
	"utctime": "2015-04-06T03:28:20+0000",
	"volume": "0"
},
{
	"name": "USDFJD",
	"price": "2.061950",
	"symbol": "FJDX",
	"ts": "1428290820",
	"utctime": "2015-04-06T03:27:00+0000",
	"volume": "0"
},
{
	"name": "USDBAM",
	"price": "1.781050",
	"symbol": "BAMX",
	"ts": "1428290820",
	"utctime": "2015-04-06T03:27:00+0000",
	"volume": "0"
},
{
	"name": "USDBTN",
	"price": "62.581249",
	"symbol": "BTNX",
	"ts": "1428290820",
	"utctime": "2015-04-06T03:27:00+0000",
	"volume": "0"
},
{
	"name": "USDSTD",
	"price": "22292.500000",
	"symbol": "STDX",
	"ts": "1428290820",
	"utctime": "2015-04-06T03:27:00+0000",
	"volume": "0"
},
{
	"name": "USDVUV",
	"price": "108.364998",
	"symbol": "VUVX",
	"ts": "1428290820",
	"utctime": "2015-04-06T03:27:00+0000",
	"volume": "0"
},
{
	"name": "USDMVR",
	"price": "15.340000",
	"symbol": "MVRX",
	"ts": "1428290820",
	"utctime": "2015-04-06T03:27:00+0000",
	"volume": "0"
},
{
	"name": "USDAOA",
	"price": "108.250000",
	"symbol": "AOAX",
	"ts": "1428290820",
	"utctime": "2015-04-06T03:27:00+0000",
	"volume": "0"
},
{
	"name": "USDEGP",
	"price": "7.630000",
	"symbol": "EGPX",
	"ts": "1428290820",
	"utctime": "2015-04-06T03:27:00+0000",
	"volume": "0"
},
{
	"name": "USDQAR ATAQR",
	"price": "3.639950",
	"symbol": "QARX",
	"ts": "1428290820",
	"utctime": "2015-04-06T03:27:00+0000",
	"volume": "0"
},
{
	"name": "USDOMR JUAR",
	"price": "0.385000",
	"symbol": "OMRX",
	"ts": "1428290820",
	"utctime": "2015-04-06T03:27:00+0000",
	"volume": "0"
},
{
	"name": "USDCVE HJD",
	"price": "100.379997",
	"symbol": "CVEX",
	"ts": "1428290820",
	"utctime": "2015-04-06T03:27:00+0000",
	"volume": "0"
},
{
	"name": "USDKG",
	"price": "63.888901",
	"symbol": "KGSX",
	"ts": "1428290820",
	"utctime": "2015-04-06T03:27:00+0000",
	"volume": "0"
},
{
	"name": "USDMXN",
	"price": "14.822600",
	"symbol": "MXNX",
	"ts": "1428290900",
	"utctime": "2015-04-06T03:28:20+0000",
	"volume": "0"
},
{
	"name": "USDMYR JSKDJK",
	"price": "3.639000",
	"symbol": "MYRX",
	"ts": "1428290820",
	"utctime": "2015-04-06T03:27:00+0000",
	"volume": "0"
},
{
	"name": "USDGYD",
	"price": "207.210007",
	"symbol": "GYDX",
	"ts": "1428290820",
	"utctime": "2015-04-06T03:27:00+0000",
	"volume": "0"
},
{
	"name": "USDSZL",
	"price": "11.775250",
	"symbol": "SZLX",
	"ts": "1428290820",
	"utctime": "2015-04-06T03:27:00+0000",
	"volume": "0"
},
{
	"name": "USDYER",
	"price": "215.059998",
	"symbol": "YERX",
	"ts": "1428290820",
	"utctime": "2015-04-06T03:27:00+0000",
	"volume": "0"
},
{
	"name": "USDSAR",
	"price": "3.750950",
	"symbol": "SARX",
	"ts": "1428290820",
	"utctime": "2015-04-06T03:27:00+0000",
	"volume": "0"
},
{
	"name": "USDUYU",
	"price": "25.695000",
	"symbol": "UYUX",
	"ts": "1428290820",
	"utctime": "2015-04-06T03:27:00+0000",
	"volume": "0"
},
{
	"name": "USDGBP",
	"price": "0.670223",
	"symbol": "GBPX",
	"ts": "1428290890",
	"utctime": "2015-04-06T03:28:10+0000",
	"volume": "0"
},
{
	"name": "USDUZS",
	"price": "2490.199951",
	"symbol": "UZSX",
	"ts": "1428290820",
	"utctime": "2015-04-06T03:27:00+0000",
	"volume": "0"
},
{
	"name": "USDGMD",
	"price": "42.930000",
	"symbol": "GMDX",
	"ts": "1428290820",
	"utctime": "2015-04-06T03:27:00+0000",
	"volume": "0"
},
{
	"name": "USDAWG",
	"price": "1.790000",
	"symbol": "AWGX",
	"ts": "1428290820",
	"utctime": "2015-04-06T03:27:00+0000",
	"volume": "0"
},
{
	"name": "USDMNT",
	"price": "1983.000000",
	"symbol": "MNTX",
	"ts": "1428290820",
	"utctime": "2015-04-06T03:27:00+0000",
	"volume": "0"
},
{
	"name": "GOLD1OZ",
	"price": "0.000822",
	"symbol": "XAUX",
	"ts": "1428290874",
	"utctime": "2015-04-06T03:27:54+0000",
	"volume": "0"
},
{
	"name": "USDHKD",
	"price": "7.752400",
	"symbol": "HKDX",
	"ts": "1428290900",
	"utctime": "2015-04-06T03:28:20+0000",
	"volume": "0"
},
{
	"name": "USDARS",
	"price": "8.762050",
	"symbol": "ARSX",
	"ts": "1428290820",
	"utctime": "2015-04-06T03:27:00+0000",
	"volume": "0"
}]
